Atom,A,B,Value,Uncertainty,Method,Year,Citation,Notes
Ba+,6p-,6s,3.31,,CPM,2001,"V. A. Dzuba, V. V. Flambaum, and J. S. M. Ginges, Phys. Rev. A 63, 062101 (2001).",
Ba+,6p-,7s,2.493,,CPM,2001,"V. A. Dzuba, V. V. Flambaum, and J. S. M. Ginges, Phys. Rev. A 63, 062101 (2001).",
Ba+,6p-,5d-,3.055,,CPM,2001,"V. A. Dzuba, V. V. Flambaum, and J. S. M. Ginges, Phys. Rev. A 63, 062101 (2001).",
Ba+,6p-,6s,3.37,,CCSDpT,2006,"B. K. Sahoo, R. K. Chaudhuri, B. P. Das, and D. Mukherjee, Phys. Rev. Lett. 96, 163003 (2006).",
Ba+,6p-,5d-,3.08,,CCSDpT,2006,"B. K. Sahoo, R. K. Chaudhuri, B. P. Das, and D. Mukherjee, Phys. Rev. Lett. 96, 163003 (2006).",
Ba+,6p-,6s,3.3357,,CCSDpT,2008,E. Iskrenova-Tchoukova and M. S. Safronova PhysRevA.78.012508 (2008),
Ba+,6p-,6s,3.36,0.01,CCSDpT,2009,"B. K. Sahoo, L. W. Wansbeek, K. Jungmann, and R. G. E. Timmermans, Phys. Rev. A 79, 052512 (2009).","*NOTE: The results of this paper suspiciously coincide EXACTLY with old experimental result… newer, much more precise experiment disagrees with these values! (much more than claimed theoretical uncerainty)"
Ba+,6p-,5d-,3.11,0.03,CCSDpT,2009,"B. K. Sahoo, L. W. Wansbeek, K. Jungmann, and R. G. E. Timmermans, Phys. Rev. A 79, 052512 (2009).","*NOTE: The results of this paper suspiciously coincide EXACTLY with old experimental result… newer, much more precise experiment disagrees with these values! (much more than claimed theoretical uncerainty)"
Ba+,6p-,6s,3.33,0.03,CCSDpT,2021,"M. Kaur, D. F. Dar, B. K. Sahoo, and B. Arora, At. Data Nucl. Data Tables 137, 101381 (2021).",
Ba+,6p-,5d-,3.07,0.02,CCSDpT,2021,"M. Kaur, D. F. Dar, B. K. Sahoo, and B. Arora, At. Data Nucl. Data Tables 137, 101381 (2021).",
Ba+,6p-,6s,3.299,,CCSDvT+scale+dress+QED+Breit,2021,"S. G. Porsev and M. S. Safronova, Phys. Rev. A 103, 042815 (2021).",
Ba+,6p-,5d-,3.001,,CCSDvT+scale+dress+QED+Breit,2021,"S. G. Porsev and M. S. Safronova, Phys. Rev. A 103, 042815 (2021).",
Ba+,6p-,6s,3.3251,0.0021,Expt.,2010,"S. L. Woods, M. E. Hanni, S. R. Lundeen, and E. L. Snow, Phys. Rev. A 82, 012506 (2010)",
Ba+,6p-,5d-,3.0413,0.0021,Expt.,2019,"K. J. Arnold, S. R. Chanu, R. Kaewuam, T. R. Tan, L. Yeo, Zhiqiang Zhang, M. S. Safronova, and M. D. Barrett, Phys. Rev. A 100, 032503 (2019)",
Ba+,6p-,6s,3.36,0.04,Old Expt.,2002,"J. Klose, J. Fuhr, and W. Wiese, J. Phys. Chem. Ref. Data 31, 217 (2002).; M. D. Davidson, L. C. Snoek, H. Volten, and A. Doenszel- mann, Astron. Astrophys. 255, 457 (1992).",* Old expt value; compare to Sahoo 2009…..
Ba+,6p-,5d-,3.03,0.09,Old Expt.,1993,"A. Kastberg, P. Villemoes, A. Arnesen, F. Heijkenskjöld, A. Langereis, P. Jungner, and S. Linnaeus, J. Opt. Soc. Am. B 10, 1330 (1993)",* Old expt value; compare to Sahoo 2009…..
Ba+,6p-,5d-,2.90,0.09,Old Expt.,2002,"J. Klose, J. Fuhr, and W. Wiese, J. Phys. Chem. Ref. Data 31, 217 (2002).; M. D. Davidson, L. C. Snoek, H. Volten, and A. Doenszel- mann, Astron. Astrophys. 255, 457 (1992).",* Old expt value; compare to Sahoo 2009…..
Ba+,6p+,6s,4.674,,CPM,2001,"V. A. Dzuba, V. V. Flambaum, and J. S. M. Ginges, Phys. Rev. A 63, 062101 (2001).",
Ba+,6p+,7s,3.882,,CPM,2001,"V. A. Dzuba, V. V. Flambaum, and J. S. M. Ginges, Phys. Rev. A 63, 062101 (2001).",
Ba+,6p+,5d-,1.334,,CPM,2001,"V. A. Dzuba, V. V. Flambaum, and J. S. M. Ginges, Phys. Rev. A 63, 062101 (2001).",
Ba+,6p+,5d+,4.118,,CPM,2001,"V. A. Dzuba, V. V. Flambaum, and J. S. M. Ginges, Phys. Rev. A 63, 062101 (2001).",
Ba+,6p+,6s,4.72,,CCSDpT,2006,"B. K. Sahoo, R. K. Chaudhuri, B. P. Das, and D. Mukherjee, Phys. Rev. Lett. 96, 163003 (2006).",
Ba+,6p+,5d-,1.36,,CCSDpT,2006,"B. K. Sahoo, R. K. Chaudhuri, B. P. Das, and D. Mukherjee, Phys. Rev. Lett. 96, 163003 (2006).",
Ba+,6p+,6s,4.7065,,CCSDpT,2008,E. Iskrenova-Tchoukova and M. S. Safronova PhysRevA.78.012508 (2008),
Ba+,6p+,6s,4.73,0.03,CCSDpT,2009,"B. K. Sahoo, L. W. Wansbeek, K. Jungmann, and R. G. E. Timmermans, Phys. Rev. A 79, 052512 (2009).","*NOTE: The results of this paper suspiciously coincide EXACTLY with old experimental result… newer, much more precise experiment disagrees with these values! (much more than claimed theoretical uncerainty)"
Ba+,6p+,5d-,1.34,0.02,CCSDpT,2009,"B. K. Sahoo, L. W. Wansbeek, K. Jungmann, and R. G. E. Timmermans, Phys. Rev. A 79, 052512 (2009).","*NOTE: The results of this paper suspiciously coincide EXACTLY with old experimental result… newer, much more precise experiment disagrees with these values! (much more than claimed theoretical uncerainty)"
Ba+,6p+,5d+,4.02,0.07,CCSDpT,2009,"B. K. Sahoo, L. W. Wansbeek, K. Jungmann, and R. G. E. Timmermans, Phys. Rev. A 79, 052512 (2009).","*NOTE: The results of this paper suspiciously coincide EXACTLY with old experimental result… newer, much more precise experiment disagrees with these values! (much more than claimed theoretical uncerainty)"
Ba+,6p+,6s,4.71,0.05,CCSDpT,2021,"M. Kaur, D. F. Dar, B. K. Sahoo, and B. Arora, At. Data Nucl. Data Tables 137, 101381 (2021).",
Ba+,6p+,5d-,1.34,0.01,CCSDpT,2021,"M. Kaur, D. F. Dar, B. K. Sahoo, and B. Arora, At. Data Nucl. Data Tables 137, 101381 (2021).",
Ba+,6p+,5d+,4.13,0.03,CCSDpT,2021,"M. Kaur, D. F. Dar, B. K. Sahoo, and B. Arora, At. Data Nucl. Data Tables 137, 101381 (2021).",
Ba+,6p+,6s,4.659,,CCSDvT+scale+dress+QED+Breit,2021,"S. G. Porsev and M. S. Safronova, Phys. Rev. A 103, 042815 (2021).",
Ba+,6p+,5d-,1.312,,CCSDvT+scale+dress+QED+Breit,2021,"S. G. Porsev and M. S. Safronova, Phys. Rev. A 103, 042815 (2021).",
Ba+,6p+,5d+,4.047,,CCSDvT+scale+dress+QED+Breit,2021,"S. G. Porsev and M. S. Safronova, Phys. Rev. A 103, 042815 (2021).",
Ba+,6p+,6s,4.7017,0.0027,Expt.,2010,"S. L. Woods, M. E. Hanni, S. R. Lundeen, and E. L. Snow, Phys. Rev. A 82, 012506 (2010)",
Ba+,6p+,5d-,1.33199,0.00096,Expt.,2020,"Z. Zhang, K. J. Arnold, S. R. Chanu, R. Kaewuam, M. S. Safronova, and M. D. Barrett, Phys. Rev. A 101, 062515 (2020)",
Ba+,6p+,5d+,4.1028,0.0025,Expt.,2020,"Z. Zhang, K. J. Arnold, S. R. Chanu, R. Kaewuam, M. S. Safronova, and M. D. Barrett, Phys. Rev. A 101, 062515 (2020)",
Ba+,6p+,6s,4.72,0.04,Old Expt.,2008,"N. Kurz, M. R. Dietrich, G. Shu, R. Bowler, J. Salacka, V. Mirgon, and B. B. Blinov, Phys. Rev. A 77, R060501 (2008)",* Old expt value; compare to Sahoo 2009…..
Ba+,6p+,5d-,1.36,0.04,Old Expt.,1993,"A. Kastberg, P. Villemoes, A. Arnesen, F. Heijkenskjöld, A. Langereis, P. Jungner, and S. Linnaeus, J. Opt. Soc. Am. B 10, 1330 (1993)",* Old expt value; compare to Sahoo 2009…..
Ba+,7p-,6s,0.099,,CPM,2001,"V. A. Dzuba, V. V. Flambaum, and J. S. M. Ginges, Phys. Rev. A 63, 062101 (2001).",
Ba+,7p-,7s,7.008,,CPM,2001,"V. A. Dzuba, V. V. Flambaum, and J. S. M. Ginges, Phys. Rev. A 63, 062101 (2001).",
Ba+,7p-,5d-,0.261,,CPM,2001,"V. A. Dzuba, V. V. Flambaum, and J. S. M. Ginges, Phys. Rev. A 63, 062101 (2001).",
Ba+,7p-,6s,0.0621,,CCSDpT,2008,E. Iskrenova-Tchoukova and M. S. Safronova PhysRevA.78.012508 (2008),
Ba+,7p+,6s,0.035,,CPM,2001,"V. A. Dzuba, V. V. Flambaum, and J. S. M. Ginges, Phys. Rev. A 63, 062101 (2001).",
Ba+,7p+,7s,9.773,,CPM,2001,"V. A. Dzuba, V. V. Flambaum, and J. S. M. Ginges, Phys. Rev. A 63, 062101 (2001).",
Ba+,7p+,5d-,0.147,,CPM,2001,"V. A. Dzuba, V. V. Flambaum, and J. S. M. Ginges, Phys. Rev. A 63, 062101 (2001).",
Ba+,7p+,5d+,0.432,,CPM,2001,"V. A. Dzuba, V. V. Flambaum, and J. S. M. Ginges, Phys. Rev. A 63, 062101 (2001).",
Ba+,7p+,6s,0.0868,,CCSDpT,2008,E. Iskrenova-Tchoukova and M. S. Safronova PhysRevA.78.012508 (2008),
Ba+,8p-,6s,0.115,,CPM,2001,"V. A. Dzuba, V. V. Flambaum, and J. S. M. Ginges, Phys. Rev. A 63, 062101 (2001).",
Ba+,8p-,7s,0.113,,CPM,2001,"V. A. Dzuba, V. V. Flambaum, and J. S. M. Ginges, Phys. Rev. A 63, 062101 (2001).",
Ba+,8p-,5d-,0.119,,CPM,2001,"V. A. Dzuba, V. V. Flambaum, and J. S. M. Ginges, Phys. Rev. A 63, 062101 (2001).",
Ba+,8p+,6s,0.073,,CPM,2001,"V. A. Dzuba, V. V. Flambaum, and J. S. M. Ginges, Phys. Rev. A 63, 062101 (2001).",
Ba+,8p+,7s,0.463,,CPM,2001,"V. A. Dzuba, V. V. Flambaum, and J. S. M. Ginges, Phys. Rev. A 63, 062101 (2001).",
Ba+,8p+,5d-,0.07,,CPM,2001,"V. A. Dzuba, V. V. Flambaum, and J. S. M. Ginges, Phys. Rev. A 63, 062101 (2001).",
Ba+,8p+,5d+,0.206,,CPM,2001,"V. A. Dzuba, V. V. Flambaum, and J. S. M. Ginges, Phys. Rev. A 63, 062101 (2001).",
Ca+,4p-,4s,2.8928,0.0043,Expt,2015,"M. Hettrich, T. Ruster, H. Kaufmann, C. F. Roos, C. T. Schmiegelow, F. Schmidt-Kaler, and U. G. Poschinger, Phys. Rev. Lett. 115, 143003 (2015)",
Ca+,4p-,4s,2.898,0.013,CCSDpT,2011,"M. S. Safronova and U. I. Safronova, Phys. Rev. A 83, 012503 (2011).",
Ca+,4p-,5s,2.073,0.011,CCSDpT,2011,"M. S. Safronova and U. I. Safronova, Phys. Rev. A 83, 012503 (2011).",
Ca+,4p-,3d-,2.464,0.013,CCSDpT,2011,"M. S. Safronova and U. I. Safronova, Phys. Rev. A 83, 012503 (2011).",
Ca+,4p-,4s,2.88,0.01,CCSDpT,2009,"B. K. Sahoo, B. P. Das, and D. Mukherjee, Phys. Rev. A 79, 052511 (2009).",
Ca+,4p-,3d-,2.40,0.02,CCSDpT,2009,"B. K. Sahoo, B. P. Das, and D. Mukherjee, Phys. Rev. A 79, 052511 (2009).",
Ca+,4p-,4s,2.89,0.02,CCSDpT,2021,"M. Kaur, D. F. Dar, B. K. Sahoo, and B. Arora, At. Data Nucl. Data Tables 137, 101381 (2021).","*** These are IDENTICAL to Safronova, by just truncating the value at 2 d.p.???"
Ca+,4p-,5s,2.073,0.007,CCSDpT,2021,"M. Kaur, D. F. Dar, B. K. Sahoo, and B. Arora, At. Data Nucl. Data Tables 137, 101381 (2021).","*** These are IDENTICAL to Safronova, by just truncating the value at 2 d.p.???"
Ca+,4p-,3d-,2.46,0.01,CCSDpT,2021,"M. Kaur, D. F. Dar, B. K. Sahoo, and B. Arora, At. Data Nucl. Data Tables 137, 101381 (2021).","*** These are IDENTICAL to Safronova, by just truncating the value at 2 d.p.???"
Ca+,4p-,4s,2.913,0.007,CCSDpT,2015," J. Kaur, D. K. Nandy, B. Arora, and B. K. Sahoo, Phys. Rev. A 91, 012705 (2015).",
Ca+,4p+,4s,4.091,0.006,Expt,2015,"M. Hettrich, T. Ruster, H. Kaufmann, C. F. Roos, C. T. Schmiegelow, F. Schmidt-Kaler, and U. G. Poschinger, Phys. Rev. Lett. 115, 143003 (2015)",
Ca+,4p+,3d-,1.092,0.002,Expt,2015,"M. Hettrich, T. Ruster, H. Kaufmann, C. F. Roos, C. T. Schmiegelow, F. Schmidt-Kaler, and U. G. Poschinger, Phys. Rev. Lett. 115, 143003 (2015); M. Ramm, T. Pruttivarasin, M. Kokish, I. Talukdar, and H. Häffner, Phys. Rev. Lett. 111, 023004 (2013) + udel",
Ca+,4p+,3d+,3.283,0.006,Expt,2015,"M. Hettrich, T. Ruster, H. Kaufmann, C. F. Roos, C. T. Schmiegelow, F. Schmidt-Kaler, and U. G. Poschinger, Phys. Rev. Lett. 115, 143003 (2015); M. Ramm, T. Pruttivarasin, M. Kokish, I. Talukdar, and H. Häffner, Phys. Rev. Lett. 111, 023004 (2013) + udel",
Ca+,4p+,4s,4.099,0.018,CCSDpT,2011,"M. S. Safronova and U. I. Safronova, Phys. Rev. A 83, 012503 (2011).",
Ca+,4p+,5s,2.965,0.014,CCSDpT,2011,"M. S. Safronova and U. I. Safronova, Phys. Rev. A 83, 012503 (2011).",
Ca+,4p+,3d-,1.100,0.006,CCSDpT,2011,"M. S. Safronova and U. I. Safronova, Phys. Rev. A 83, 012503 (2011).",
Ca+,4p+,3d+,3.306,0.018,CCSDpT,2011,"M. S. Safronova and U. I. Safronova, Phys. Rev. A 83, 012503 (2011).",
Ca+,4p+,4s,4.03,0.01,CCSDpT,2009,"B. K. Sahoo, B. P. Das, and D. Mukherjee, Phys. Rev. A 79, 052511 (2009).",
Ca+,4p+,3d-,1.09,0.01,CCSDpT,2009,"B. K. Sahoo, B. P. Das, and D. Mukherjee, Phys. Rev. A 79, 052511 (2009).",
Ca+,4p+,3d+,3.22,0.04,CCSDpT,2009,"B. K. Sahoo, B. P. Das, and D. Mukherjee, Phys. Rev. A 79, 052511 (2009).",
Ca+,4p+,4s,4.09,0.02,CCSDpT,2021,"M. Kaur, D. F. Dar, B. K. Sahoo, and B. Arora, At. Data Nucl. Data Tables 137, 101381 (2021).","*** These are IDENTICAL to Safronova, by just truncating the value at 2 d.p.???"
Ca+,4p+,5s,2.96,0.01,CCSDpT,2021,"M. Kaur, D. F. Dar, B. K. Sahoo, and B. Arora, At. Data Nucl. Data Tables 137, 101381 (2021).","*** These are IDENTICAL to Safronova, by just truncating the value at 2 d.p.???"
Ca+,4p+,3d-,1.100,0.006,CCSDpT,2021,"M. Kaur, D. F. Dar, B. K. Sahoo, and B. Arora, At. Data Nucl. Data Tables 137, 101381 (2021).","*** These are IDENTICAL to Safronova, by just truncating the value at 2 d.p.???"
Ca+,4p+,3d+,3.30,0.02,CCSDpT,2021,"M. Kaur, D. F. Dar, B. K. Sahoo, and B. Arora, At. Data Nucl. Data Tables 137, 101381 (2021).","*** These are IDENTICAL to Safronova, by just truncating the value at 2 d.p.???"
Ca+,4p+,4s,4.120,0.001,CCSDpT,2016," J. Kaur, D. K. Nandy, B. Arora, and B. K. Sahoo, Phys. Rev. A 91, 012705 (2015).",
Cs,6p-,6s,4.494,,CPM,1989,"V. A. Dzuba, V. V. Flambaum, A. Y. Kraftmakher, and O. P. Sushkov, Phys. Lett. A 142, 373 (1989).",
Cs,6p-,7s,4.253,,CPM,1989,"V. A. Dzuba, V. V. Flambaum, A. Y. Kraftmakher, and O. P. Sushkov, Phys. Lett. A 142, 373 (1989).",
Cs,6p-,6s,4.535,,CCSD+scale,1999,"M. S. Safronova, W. R. Johnson, and A. Derevianko, Phys. Rev. A 60, 4476 (1999).",
Cs,6p-,7s,4.243,,CCSD+scale,1999,"M. S. Safronova, W. R. Johnson, and A. Derevianko, Phys. Rev. A 60, 4476 (1999).",
Cs,6p-,6s,4.4970,,CPM,2001,"V. A. Dzuba, V. V. Flambaum, and J. S. M. Ginges, Phys. Rev. A 63, 062101 (2001).",
Cs,6p-,7s,4.2550,,CPM,2001,"V. A. Dzuba, V. V. Flambaum, and J. S. M. Ginges, Phys. Rev. A 63, 062101 (2001).",
Cs,6p-,5d-,7.011,,CPM,2001,"V. A. Dzuba, V. V. Flambaum, and J. S. M. Ginges, Phys. Rev. A 63, 062101 (2001).",
Cs,6p-,6s,4.498,,PTSCI,2002,"V. A. Dzuba, V. V. Flambaum, and J. S. M. Ginges, Phys. Rev. D 66, 076013 (2002).",
Cs,6p-,7s,4.249,,PTSCI,2002,"V. A. Dzuba, V. V. Flambaum, and J. S. M. Ginges, Phys. Rev. D 66, 076013 (2002).",
Cs,6p-,6s,4.54432,,CCSD,2007,"R. Pal, M. S. Safronova, W. R. Johnson, A. Derevianko, and S. G. Porsev, Phys. Rev. A 75, 042515 (2007).",
Cs,6p-,6s,4.5093,,CCSDvT+QED+Breit,2010,"S. G. Porsev, K. Beloy, and A. Derevianko, Phys. Rev. D 82, 036008 (2010).",
Cs,6p-,7s,4.2450,,CCSDvT+QED+Breit,2010,"S. G. Porsev, K. Beloy, and A. Derevianko, Phys. Rev. D 82, 036008 (2010).",
Cs,6p-,6s,4.5350,0.0768,CCSDpT,2016,"M. S. Safronova, U. I. Safronova, and C. W. Clark, Phys. Rev. A 94, 012505 (2016).",
Cs,6p-,7s,4.2430,0.0121,CCSDpT,2016,"M. S. Safronova, U. I. Safronova, and C. W. Clark, Phys. Rev. A 94, 012505 (2016).",
Cs,6p-,5d-,7.1000,0.1000,CCSDpT,2016,"M. S. Safronova, U. I. Safronova, and C. W. Clark, Phys. Rev. A 94, 012505 (2016).",
Cs,6p-,6s,4.5067,0.0040,CCSDT+Br+QED,2021,"B. K. Sahoo, B. P. Das, and H. Spiesberger, Phys. Rev. D 103, L111303 (2021).",
Cs,6p-,7s,4.2559,0.0030,CCSDT+Br+QED,2021,"B. K. Sahoo, B. P. Das, and H. Spiesberger, Phys. Rev. D 103, L111303 (2021).",
Cs,6p-,5d-,7.291,0.067,CCSDpT,2016,"[1] B. K. Sahoo, Phys. Rev. A 93, 022503 (2016).",
Cs,6p-,5d-,7.0127,,CCSDpT,2004,"M. Safronova and C. Clark, Phys. Rev. A 69, 040501 (2004).",
Cs,6p-,6s,4.4978,0.0061,Expt.,1994,"R. J. Rafac, C. E. Tanner, A. E. Livingston, K. W. Kukla, H. G. Berry, and C. A. Kurtz, Phys. Rev. A 50, R1976 (1994)",
Cs,6p-,6s,4.489,0.0065,Expt.,1999,"R. J. Rafac, C. E. Tanner, A. E. Livingston, H. G. Berry, Phys. Rev. A 60, 3648 (1999)",
Cs,6p-,6s,4.5097,0.0074,Expt.,1994,"L. Young, W. T. Hill III, S. J. Sibener, S. D. Price, C. E. Tanner, C. E. Wieman, and S. R. Leone, Phys. Rev. A 50, 2174 (1994).",
Cs,6p-,6s,4.5057,0.0016,Expt + Weighted Avg.,2019,"G. Toh, A. Damitz, C. E. Tanner, W. R. Johnson, and D. S. Elliott, Phys. Rev. Lett. 123, 073002 (2019)",
Cs,6p-,7s,4.249,0.004,Expt.,2019,"George Toh, Amy Damitz, Nathan Glotzbach, Jonah Quirk, I. C. Stevenson, J. Choi, M. S. Safronova, and D. S. Elliott. Phys. Rev. A 99, 032504 (2019)",
Cs,6p-,7s,4.233,0.022,Expt. + Th (??),,"M.-A. Bouchiat, J. Gue´na, and L. Pottier, J. Phys. (France) Lett. 45, L523 (1984); V. A. Dzuba, V. V. Flambaum, A. Y. Kraftmakher, and O. P. Sushkov, Phys. Lett. A 142, 373 (1989).",
Cs,6p-,5d-,7.283,0.060,Expt+Theory,1998,"D. DiBerardino, C. E. Tanner, and A. Sieradzan,Phys. Rev. A 57, 4204 (1998); M. Safronova and C. Clark, Phys. Rev. A69, 040501 (2004)","Note: These measurements are in tension with polarisability measurements, and are likely wrong!"
Cs,6p+,6s,6.325,,CPM,1989,"V. A. Dzuba, V. V. Flambaum, A. Y. Kraftmakher, and O. P. Sushkov, Phys. Lett. A 142, 373 (1989).",
Cs,6p+,7s,6.507,,CPM,1989,"V. A. Dzuba, V. V. Flambaum, A. Y. Kraftmakher, and O. P. Sushkov, Phys. Lett. A 142, 373 (1989).",
Cs,6p+,6s,6.382,,CCSD+scale,1999,"M. S. Safronova, W. R. Johnson, and A. Derevianko, Phys. Rev. A 60, 4476 (1999).",
Cs,6p+,7s,6.479,,CCSD+scale,1999,"M. S. Safronova, W. R. Johnson, and A. Derevianko, Phys. Rev. A 60, 4476 (1999).",
Cs,6p+,6s,6.3300,,CPM,2001,"V. A. Dzuba, V. V. Flambaum, and J. S. M. Ginges, Phys. Rev. A 63, 062101 (2001).",
Cs,6p+,7s,6.495,,CPM,2001,"V. A. Dzuba, V. V. Flambaum, and J. S. M. Ginges, Phys. Rev. A 63, 062101 (2001).",
Cs,6p+,5d-,3.16,,CPM,2001,"V. A. Dzuba, V. V. Flambaum, and J. S. M. Ginges, Phys. Rev. A 63, 062101 (2001).",
Cs,6p+,5d+,9.59,,CPM,2001,"V. A. Dzuba, V. V. Flambaum, and J. S. M. Ginges, Phys. Rev. A 63, 062101 (2001).",
Cs,6p+,6s,6.3919,,CCSD,2007,"R. Pal, M. S. Safronova, W. R. Johnson, A. Derevianko, and S. G. Porsev, Phys. Rev. A 75, 042515 (2007).",
Cs,6p+,6s,6.3818,0.0789,CCSDpT,2016,"M. S. Safronova, U. I. Safronova, and C. W. Clark, Phys. Rev. A 94, 012505 (2016).",
Cs,6p+,7s,6.4800,0.0200,CCSDpT,2016,"M. S. Safronova, U. I. Safronova, and C. W. Clark, Phys. Rev. A 94, 012505 (2016).",
Cs,6p+,5d-,3.1900,0.0700,CCSDpT,2016,"M. S. Safronova, U. I. Safronova, and C. W. Clark, Phys. Rev. A 94, 012505 (2016).",
Cs,6p+,5d+,9.7000,0.2000,CCSDpT,2016,"M. S. Safronova, U. I. Safronova, and C. W. Clark, Phys. Rev. A 94, 012505 (2016).",
Cs,6p+,5d-,3.288,0.033,CCSDpT,2016,"[1] B. K. Sahoo, Phys. Rev. A 93, 022503 (2016).",
Cs,6p+,5d+,9.961,0.111,CCSDpT,2016,"[1] B. K. Sahoo, Phys. Rev. A 93, 022503 (2016).",
Cs,6p+,5d-,3.1614,,CCSDpT,2004,"M. Safronova and C. Clark, Phys. Rev. A 69, 040501 (2004).",
Cs,6p+,5d+,9.5906,,CCSDpT,2004,"M. Safronova and C. Clark, Phys. Rev. A 69, 040501 (2004).",
Cs,6p+,6s,6.3349,0.0048,Expt.,2015,"B. M. Patterson, J. F. Sell, T. Ehrenreich, M. A. Gearba, G. M. Brooke, J. Scoville, and R. J. Knize, Phys. Rev. A 91, 012506 (2015)",
Cs,6p+,6s,6.3398,0.0022,Expt + Weighted Avg.,2019,"G. Toh, A. Damitz, C. E. Tanner, W. R. Johnson, and D. S. Elliott, Phys. Rev. Lett. 123, 073002 (2019)",
Cs,6p+,7s,6.489,0.005,Expt.,2019,"George Toh, Amy Damitz, Nathan Glotzbach, Jonah Quirk, I. C. Stevenson, J. Choi, M. S. Safronova, and D. S. Elliott. Phys. Rev. A 99, 032504 (2019)",
Cs,6p+,7s,6.479,0.031,Expt. + Th (??),,"M.-A. Bouchiat, J. Gue´na, and L. Pottier, J. Phys. (France) Lett. 45, L523 (1984); V. A. Dzuba, V. V. Flambaum, A. Y. Kraftmakher, and O. P. Sushkov, Phys. Lett. A 142, 373 (1989).",
Cs,6p+,5d+,9.650,0.018,Expt,2020,"S. Pucher, P. Schneeweiss, A. Rauschenbeutel, and A. Dareau, Phys. Rev. A 101, 042510 (2020); me",
Cs,6p+,5d-,3.286,0.030,Expt+Theory,1998,"D. DiBerardino, C. E. Tanner, and A. Sieradzan,Phys. Rev. A 57, 4204 (1998); M. Safronova and C. Clark, Phys. Rev. A69, 040501 (2004)","Note: These measurements are in tension with polarisability measurements, and are likely wrong!"
Cs,6p+,5d+,9.916,0.035,Expt,1998,"D. DiBerardino, C. E. Tanner, and A. Sieradzan,Phys. Rev. A 57, 4204 (1998); M. Safronova and C. Clark, Phys. Rev. A69, 040501 (2004)","Note: These measurements are in tension with polarisability measurements, and are likely wrong!"
Cs,7p-,6s,0.275,,CPM,1989,"V. A. Dzuba, V. V. Flambaum, A. Y. Kraftmakher, and O. P. Sushkov, Phys. Lett. A 142, 373 (1989).",
Cs,7p-,7s,10.29,,CPM,1989,"V. A. Dzuba, V. V. Flambaum, A. Y. Kraftmakher, and O. P. Sushkov, Phys. Lett. A 142, 373 (1989).",
Cs,7p-,6s,0.279,,CCSD+scale,1999,"M. S. Safronova, W. R. Johnson, and A. Derevianko, Phys. Rev. A 60, 4476 (1999).",
Cs,7p-,7s,10.310,,CCSD+scale,1999,"M. S. Safronova, W. R. Johnson, and A. Derevianko, Phys. Rev. A 60, 4476 (1999).",
Cs,7p-,6s,0.2560,,CPM,2001,"V. A. Dzuba, V. V. Flambaum, and J. S. M. Ginges, Phys. Rev. A 63, 062101 (2001).",
Cs,7p-,7s,10.292,,CPM,2001,"V. A. Dzuba, V. V. Flambaum, and J. S. M. Ginges, Phys. Rev. A 63, 062101 (2001).",
Cs,7p-,5d-,2.061,,CPM,2001,"V. A. Dzuba, V. V. Flambaum, and J. S. M. Ginges, Phys. Rev. A 63, 062101 (2001).",
Cs,7p-,7s,10.298,,PTSCI,2002,"V. A. Dzuba, V. V. Flambaum, and J. S. M. Ginges, Phys. Rev. D 66, 076013 (2002).",
Cs,7p-,6s,0.2769,,CCSDvT+QED+Breit,2010,"S. G. Porsev, K. Beloy, and A. Derevianko, Phys. Rev. D 82, 036008 (2010).",
Cs,7p-,7s,10.307,,CCSDvT+QED+Breit,2010,"S. G. Porsev, K. Beloy, and A. Derevianko, Phys. Rev. D 82, 036008 (2010).",
Cs,7p-,6s,0.2983,0.0193,CCSDpT,2016,"M. S. Safronova, U. I. Safronova, and C. W. Clark, Phys. Rev. A 94, 012505 (2016).",
Cs,7p-,7s,10.3100,0.0401,CCSDpT,2016,"M. S. Safronova, U. I. Safronova, and C. W. Clark, Phys. Rev. A 94, 012505 (2016).",
Cs,7p-,5d-,2.3000,0.4000,CCSDpT,2016,"M. S. Safronova, U. I. Safronova, and C. W. Clark, Phys. Rev. A 94, 012505 (2016).",
Cs,7p-,6s,0.2805,0.0020,CCSDT+Br+QED,2021,"B. K. Sahoo, B. P. Das, and H. Spiesberger, Phys. Rev. D 103, L111303 (2021).",
Cs,7p-,7s,10.2915,0.0100,CCSDT+Br+QED,2021,"B. K. Sahoo, B. P. Das, and H. Spiesberger, Phys. Rev. D 103, L111303 (2021).",
Cs,7p-,6s,0.27810,0.00045,Expt.,2019,"Amy Damitz, George Toh, Eric Putney, Carol E. Tanner, and D. S. Elliott, Phys. Rev. A 99, 062510 (2019)",
Cs,7p-,7s,10.308,0.015,Expt. + Th,,"S. C. Bennett, J. L. Roberts, and C. E. Wieman, Phys. Rev. A 59, R16 (1999); M. S. Safronova, W. R. Johnson, and A. Derevianko, Phys. Rev. A 60, 4476 (1999)",
Cs,7p-,7s,10.325,0.005,Expt. + Th,,"S. C. Bennett, J. L. Roberts, and C. E. Wieman, Phys. Rev. A 59, R16 (1999); G. Toh, A. Damitz, C. E. Tanner, W. R. Johnson, and D. S. Elliott, Phys. Rev. Lett. 123, 073002 (2019).",
Cs,7p-,5d-,2.033,0.005,Expt,2019,"G. Toh, N. Chalus, A. Burgess, A. Damitz, P. Imany, D. E. Leaird, A. M. Weiner, C. E. Tanner, and D. S. Elliott, Phys. Rev. A 100, 052507 (2019).",
Cs,7p+,6s,0.583,,CPM,1989,"V. A. Dzuba, V. V. Flambaum, A. Y. Kraftmakher, and O. P. Sushkov, Phys. Lett. A 142, 373 (1989).",
Cs,7p+,7s,14.3,,CPM,1989,"V. A. Dzuba, V. V. Flambaum, A. Y. Kraftmakher, and O. P. Sushkov, Phys. Lett. A 142, 373 (1989).",
Cs,7p+,6s,0.576,,CCSD+scale,1999,"M. S. Safronova, W. R. Johnson, and A. Derevianko, Phys. Rev. A 60, 4476 (1999).",
Cs,7p+,7s,14.323,,CCSD+scale,1999,"M. S. Safronova, W. R. Johnson, and A. Derevianko, Phys. Rev. A 60, 4476 (1999).",
Cs,7p+,6s,0.5440,,CPM,2001,"V. A. Dzuba, V. V. Flambaum, and J. S. M. Ginges, Phys. Rev. A 63, 062101 (2001).",
Cs,7p+,7s,14.299,,CPM,2001,"V. A. Dzuba, V. V. Flambaum, and J. S. M. Ginges, Phys. Rev. A 63, 062101 (2001).",
Cs,7p+,5d-,0.815,,CPM,2001,"V. A. Dzuba, V. V. Flambaum, and J. S. M. Ginges, Phys. Rev. A 63, 062101 (2001).",
Cs,7p+,5d+,2.542,,CPM,2001,"V. A. Dzuba, V. V. Flambaum, and J. S. M. Ginges, Phys. Rev. A 63, 062101 (2001).",
Cs,7p+,6s,0.6013,0.0257,CCSDpT,2016,"M. S. Safronova, U. I. Safronova, and C. W. Clark, Phys. Rev. A 94, 012505 (2016).",
Cs,7p+,7s,14.3231,0.0612,CCSDpT,2016,"M. S. Safronova, U. I. Safronova, and C. W. Clark, Phys. Rev. A 94, 012505 (2016).",
Cs,7p+,5d-,0.9000,0.2000,CCSDpT,2016,"M. S. Safronova, U. I. Safronova, and C. W. Clark, Phys. Rev. A 94, 012505 (2016).",
Cs,7p+,5d+,2.8000,0.5000,CCSDpT,2016,"M. S. Safronova, U. I. Safronova, and C. W. Clark, Phys. Rev. A 94, 012505 (2016).",* many in supplementary material?
Cs,7p+,6s,0.57417,0.00057,Expt.,2019,"Amy Damitz, George Toh, Eric Putney, Carol E. Tanner, and D. S. Elliott, Phys. Rev. A 99, 062510 (2019)",
Cs,7p+,7s,14.320,0.020,Expt. + Th,,"S. C. Bennett, J. L. Roberts, and C. E. Wieman, Phys. Rev. A 59, R16 (1999); M. S. Safronova, W. R. Johnson, and A. Derevianko, Phys. Rev. A 60, 4476 (1999)",
Cs,7p+,7s,14.344,0.007,Expt. + Th,,"S. C. Bennett, J. L. Roberts, and C. E. Wieman, Phys. Rev. A 59, R16 (1999); G. Toh, A. Damitz, C. E. Tanner, W. R. Johnson, and D. S. Elliott, Phys. Rev. Lett. 123, 073002 (2019).",
Cs,7p+,5d-,0.797,0.003,Expt. + Th,2019,"G. Toh, N. Chalus, A. Burgess, A. Damitz, P. Imany, D. E. Leaird, A. M. Weiner, C. E. Tanner, and D. S. Elliott, Phys. Rev. A 100, 052507 (2019).","*Error bars exclude theory error, which is “substantial”"
Cs,7p+,5d+,2.480,0.008,Expt. + Th,2019,"G. Toh, N. Chalus, A. Burgess, A. Damitz, P. Imany, D. E. Leaird, A. M. Weiner, C. E. Tanner, and D. S. Elliott, Phys. Rev. A 100, 052507 (2019).","*Error bars exclude theory error, which is “substantial”"
Cs,8p-,6s,0.081,,CCSD+scale,1999,"M. S. Safronova, W. R. Johnson, and A. Derevianko, Phys. Rev. A 60, 4476 (1999).",
Cs,8p-,6s,0.0660,,CPM,2001,"V. A. Dzuba, V. V. Flambaum, and J. S. M. Ginges, Phys. Rev. A 63, 062101 (2001).",
Cs,8p-,7s,0.928,,CPM,2001,"V. A. Dzuba, V. V. Flambaum, and J. S. M. Ginges, Phys. Rev. A 63, 062101 (2001).",
Cs,8p-,5d-,0.647,,CPM,2001,"V. A. Dzuba, V. V. Flambaum, and J. S. M. Ginges, Phys. Rev. A 63, 062101 (2001).",
Cs,8p-,6s,0.0916,0.0103,CCSDpT,2016,"M. S. Safronova, U. I. Safronova, and C. W. Clark, Phys. Rev. A 94, 012505 (2016).",
Cs,8p-,7s,0.9140,0.0270,CCSDpT,2016,"M. S. Safronova, U. I. Safronova, and C. W. Clark, Phys. Rev. A 94, 012505 (2016).",
Cs,8p-,6s,0.0824,0.0010,CCSDT+Br+QED,2021,"B. K. Sahoo, B. P. Das, and H. Spiesberger, Phys. Rev. D 103, L111303 (2021).",
Cs,8p-,7s,0.9326,0.0020,CCSDT+Br+QED,2021,"B. K. Sahoo, B. P. Das, and H. Spiesberger, Phys. Rev. D 103, L111303 (2021).",
Cs,8p+,6s,0.218,,CCSD+scale,1999,"M. S. Safronova, W. R. Johnson, and A. Derevianko, Phys. Rev. A 60, 4476 (1999).",
Cs,8p+,6s,0.1970,,CPM,2001,"V. A. Dzuba, V. V. Flambaum, and J. S. M. Ginges, Phys. Rev. A 63, 062101 (2001).",
Cs,8p+,7s,1.639,,CPM,2001,"V. A. Dzuba, V. V. Flambaum, and J. S. M. Ginges, Phys. Rev. A 63, 062101 (2001).",
Cs,8p+,5d-,0.261,,CPM,2001,"V. A. Dzuba, V. V. Flambaum, and J. S. M. Ginges, Phys. Rev. A 63, 062101 (2001).",
Cs,8p+,5d+,0.809,,CPM,2001,"V. A. Dzuba, V. V. Flambaum, and J. S. M. Ginges, Phys. Rev. A 63, 062101 (2001).",
Cs,8p+,6s,0.2320,0.0144,CCSDpT,2016,"M. S. Safronova, U. I. Safronova, and C. W. Clark, Phys. Rev. A 94, 012505 (2016).",
Cs,8p+,7s,1.6200,0.0350,CCSDpT,2016,"M. S. Safronova, U. I. Safronova, and C. W. Clark, Phys. Rev. A 94, 012505 (2016).",
Fr,10p-,7s,0.055,,CCSD,1999,"M. S. Safronova, W. R. Johnson, and A. Derevianko, Phys. Rev. A 60, 4476 (1999).",
Fr,10p-,8s,0.38,,CCSD,1999,"M. S. Safronova, W. R. Johnson, and A. Derevianko, Phys. Rev. A 60, 4476 (1999).",
Fr,10p-,9s,1.822,,CCSD,1999,"M. S. Safronova, W. R. Johnson, and A. Derevianko, Phys. Rev. A 60, 4476 (1999).",
Fr,10p+,7s,0.271,,CCSD,1999,"M. S. Safronova, W. R. Johnson, and A. Derevianko, Phys. Rev. A 60, 4476 (1999).",
Fr,10p+,8s,1.049,,CCSD,1999,"M. S. Safronova, W. R. Johnson, and A. Derevianko, Phys. Rev. A 60, 4476 (1999).",
Fr,10p+,9s,3.876,,CCSD,1999,"M. S. Safronova, W. R. Johnson, and A. Derevianko, Phys. Rev. A 60, 4476 (1999).",
Fr,7p-,7s,4.279,,CPM,1995,"V. A. Dzuba, V. V. Flambaum, and O. P. Sushkov, Phys. Rev. A 51, 3454 (1995).",
Fr,7p-,8s,4.165,,CPM,1995,"V. A. Dzuba, V. V. Flambaum, and O. P. Sushkov, Phys. Rev. A 51, 3454 (1995).",
Fr,7p-,6d-,7.196,,CPM,1995,"V. A. Dzuba, V. V. Flambaum, and O. P. Sushkov, Phys. Rev. A 51, 3454 (1995).",
Fr,7p-,7s,4.278,,CPM,2013,"B. M. Roberts, V. A. Dzuba, and V. V. Flambaum, Phys. Rev. A 88, 012510 (2013).",
Fr,7p-,6d-,7.174,,CPM,2013,"B. M. Roberts, V. A. Dzuba, and V. V. Flambaum, Phys. Rev. A 88, 012510 (2013).",
Fr,7p-,7s,4.256,,CCSD,1999,"M. S. Safronova, W. R. Johnson, and A. Derevianko, Phys. Rev. A 60, 4476 (1999).",
Fr,7p-,8s,4.237,,CCSD+scale,1999,"M. S. Safronova, W. R. Johnson, and A. Derevianko, Phys. Rev. A 60, 4476 (1999).",
Fr,7p-,9s,1.016,,CCSD,1999,"M. S. Safronova, W. R. Johnson, and A. Derevianko, Phys. Rev. A 60, 4476 (1999).",
Fr,7p-,7s,4.28,,CPM,2001,"V. A. Dzuba, V. V. Flambaum, and J. S. M. Ginges, Phys. Rev. A 63, 062101 (2001).",
Fr,7p-,8s,4.26,,CPM,2001,"V. A. Dzuba, V. V. Flambaum, and J. S. M. Ginges, Phys. Rev. A 63, 062101 (2001).",
Fr,7p-,6d-,7.202,,CPM,2001,"V. A. Dzuba, V. V. Flambaum, and J. S. M. Ginges, Phys. Rev. A 63, 062101 (2001).",
Fr,7p-,7s,4.2641,,CCSD,2007,"U. I. Safronova, W. R. Johnson, and M. S. Safronova, Phys. Rev. A 76, 042504 (2007).",
Fr,7p-,6d-,7.0276,,CCSD,2007,"U. I. Safronova, W. R. Johnson, and M. S. Safronova, Phys. Rev. A 76, 042504 (2007).",
Fr,7p-,6d-,7.43,0.05,CCSD(T),2015,"B. K. Sahoo and B. P. Das, Phys. Rev. A 92, 052511 ",
Fr,7p-,6d-,7.45,,CCSD(T),2016,"S. Singh, B. K. Sahoo, and B. Arora, Phys. Rev. A 94, 023418 (2016).",
Fr,7p-,7s,4.277,0.008,Expt.,1998,"J. E. Simsarian, L. A. Orozco, G. D. Sprouse, and W. Z. Zhao, Phys. Rev. A 57, 2448 (1998)",
Fr,7p-,7d-,3.52,0.01,Expt+Theory,1998,"D. DiBerardino, C. E. Tanner, and A. Sieradzan,Phys. Rev. A 57, 4204 (1998); V. A. Dzuba, V. V. Flambaum, and J. S. M. Ginges, Phys. Rev. A 63, 062101 (2001).",
Fr,7p-,7s,4.27,0.07,CCSD,2017,"Y.-B. Tang, B.-Q. Lou, and T.-Y. Shi, Phys. Rev. A 96, 022513 (2017).",
Fr,7p-,6d-,7.15,0.09,CCSD,2017,"Y.-B. Tang, B.-Q. Lou, and T.-Y. Shi, Phys. Rev. A 96, 022513 (2017).",
Fr,7p-,7s,4.345,,CCSDpT,2019,"N. Shitara, B. K. Sahoo, T. Watanabe, and B. P. Das, arXiv:1912.02981 (2019).",
Fr,7p-,7s,4.26,,CCSDpT,2016,"B. K. Sahoo, T. Aoki, B. P. Das, and Y. Sakemi, Phys. Rev. A 93, 032520 (2016).",
Fr,7p-,6d-,7.45,,CCSDpT,2016,"B. K. Sahoo, T. Aoki, B. P. Das, and Y. Sakemi, Phys. Rev. A 93, 032520 (2016).",
Fr,7p+,7s,5.894,,CPM,1995,"V. A. Dzuba, V. V. Flambaum, and O. P. Sushkov, Phys. Rev. A 51, 3454 (1995).",
Fr,7p+,8s,7.384,,CPM,1995,"V. A. Dzuba, V. V. Flambaum, and O. P. Sushkov, Phys. Rev. A 51, 3454 (1995).",
Fr,7p+,6d-,3.311,,CPM,1995,"V. A. Dzuba, V. V. Flambaum, and O. P. Sushkov, Phys. Rev. A 51, 3454 (1995).",
Fr,7p+,6d+,10.184,,CPM,1995,"V. A. Dzuba, V. V. Flambaum, and O. P. Sushkov, Phys. Rev. A 51, 3454 (1995).",
Fr,7p+,7s,5.906,,CPM,2013,"B. M. Roberts, V. A. Dzuba, and V. V. Flambaum, Phys. Rev. A 88, 012510 (2013).",
Fr,7p+,6d-,3.301,,CPM,2013,"B. M. Roberts, V. A. Dzuba, and V. V. Flambaum, Phys. Rev. A 88, 012510 (2013).",
Fr,7p+,6d+,10.156,,CPM,2013,"B. M. Roberts, V. A. Dzuba, and V. V. Flambaum, Phys. Rev. A 88, 012510 (2013).",
Fr,7p+,7s,5.851,,CCSD,1999,"M. S. Safronova, W. R. Johnson, and A. Derevianko, Phys. Rev. A 60, 4476 (1999).",
Fr,7p+,8s,7.461,,CCSD+scale,1999,"M. S. Safronova, W. R. Johnson, and A. Derevianko, Phys. Rev. A 60, 4476 (1999).",
Fr,7p+,9s,1.393,,CCSD,1999,"M. S. Safronova, W. R. Johnson, and A. Derevianko, Phys. Rev. A 60, 4476 (1999).",
Fr,7p+,7s,5.897,,CPM,2001,"V. A. Dzuba, V. V. Flambaum, and J. S. M. Ginges, Phys. Rev. A 63, 062101 (2001).",
Fr,7p+,8s,7.487,,CPM,2001,"V. A. Dzuba, V. V. Flambaum, and J. S. M. Ginges, Phys. Rev. A 63, 062101 (2001).",
Fr,7p+,6d-,3.314,,CPM,2001,"V. A. Dzuba, V. V. Flambaum, and J. S. M. Ginges, Phys. Rev. A 63, 062101 (2001).",
Fr,7p+,6d+,10.187,,CPM,2001,"V. A. Dzuba, V. V. Flambaum, and J. S. M. Ginges, Phys. Rev. A 63, 062101 (2001).",
Fr,7p+,7s,5.8619,,CCSD,2007,"U. I. Safronova, W. R. Johnson, and M. S. Safronova, Phys. Rev. A 76, 042504 (2007).",
Fr,7p+,6d-,3.2217,,CCSD,2007,"U. I. Safronova, W. R. Johnson, and M. S. Safronova, Phys. Rev. A 76, 042504 (2007).",
Fr,7p+,6d+,9.9456,,CCSD,2007,"U. I. Safronova, W. R. Johnson, and M. S. Safronova, Phys. Rev. A 76, 042504 (2007).",
Fr,7p+,6d-,3.42,0.02,CCSD(T),2015,"B. K. Sahoo and B. P. Das, Phys. Rev. A 92, 052511 ",
Fr,7p+,6d+,10.51,0.07,CCSD(T),2015,"B. K. Sahoo and B. P. Das, Phys. Rev. A 92, 052511 ",
Fr,7p+,6d-,3.44,,CCSD(T),2016,"S. Singh, B. K. Sahoo, and B. Arora, Phys. Rev. A 94, 023418 (2016).",
Fr,7p+,6d+,10.53,,CCSD(T),2016,"S. Singh, B. K. Sahoo, and B. Arora, Phys. Rev. A 94, 023418 (2016).",
Fr,7p+,7s,5.898,0.015,Expt.,1998,"J. E. Simsarian, L. A. Orozco, G. D. Sprouse, and W. Z. Zhao, Phys. Rev. A 57, 2448 (1998)",
Fr,7p+,7d-,2.19,0.01,Expt+Theory,1998,"D. DiBerardino, C. E. Tanner, and A. Sieradzan,Phys. Rev. A 57, 4204 (1998); V. A. Dzuba, V. V. Flambaum, and J. S. M. Ginges, Phys. Rev. A 63, 062101 (2001).",
Fr,7p+,7d+,6.23,0.12,Expt+Theory,1998,"D. DiBerardino, C. E. Tanner, and A. Sieradzan,Phys. Rev. A 57, 4204 (1998); V. A. Dzuba, V. V. Flambaum, and J. S. M. Ginges, Phys. Rev. A 63, 062101 (2001).",
Fr,7p+,7s,5.87,0.10,CCSD,2017,"Y.-B. Tang, B.-Q. Lou, and T.-Y. Shi, Phys. Rev. A 96, 022513 (2017).",
Fr,7p+,6d-,3.27,0.07,CCSD,2017,"Y.-B. Tang, B.-Q. Lou, and T.-Y. Shi, Phys. Rev. A 96, 022513 (2017).",
Fr,7p+,6d+,10.07,0.17,CCSD,2017,"Y.-B. Tang, B.-Q. Lou, and T.-Y. Shi, Phys. Rev. A 96, 022513 (2017).",
Fr,7p+,7s,5.98,,CCSDpT,2016,"B. K. Sahoo, T. Aoki, B. P. Das, and Y. Sakemi, Phys. Rev. A 93, 032520 (2016).",
Fr,7p+,6d-,3.44,,CCSDpT,2016,"B. K. Sahoo, T. Aoki, B. P. Das, and Y. Sakemi, Phys. Rev. A 93, 032520 (2016).",
Fr,7p+,6d+,10.53,,CCSDpT,2016,"B. K. Sahoo, T. Aoki, B. P. Das, and Y. Sakemi, Phys. Rev. A 93, 032520 (2016).",
Fr,8p-,7s,0.2913,,CPM,1995,"V. A. Dzuba, V. V. Flambaum, and O. P. Sushkov, Phys. Rev. A 51, 3454 (1995).",
Fr,8p-,8s,10.160,,CPM,1995,"V. A. Dzuba, V. V. Flambaum, and O. P. Sushkov, Phys. Rev. A 51, 3454 (1995).",
Fr,8p-,7s,0.287,,CPM,2013,"B. M. Roberts, V. A. Dzuba, and V. V. Flambaum, Phys. Rev. A 88, 012510 (2013).",
Fr,8p-,7s,0.306,,CCSD+scale,1999,"M. S. Safronova, W. R. Johnson, and A. Derevianko, Phys. Rev. A 60, 4476 (1999).",
Fr,8p-,8s,10.1,,CCSD+scale,1999,"M. S. Safronova, W. R. Johnson, and A. Derevianko, Phys. Rev. A 60, 4476 (1999).",
Fr,8p-,9s,9.28,,CCSD,1999,"M. S. Safronova, W. R. Johnson, and A. Derevianko, Phys. Rev. A 60, 4476 (1999).",
Fr,8p-,7s,0.27,,CPM,2001,"V. A. Dzuba, V. V. Flambaum, and J. S. M. Ginges, Phys. Rev. A 63, 062101 (2001).",
Fr,8p-,8s,10.064,,CPM,2001,"V. A. Dzuba, V. V. Flambaum, and J. S. M. Ginges, Phys. Rev. A 63, 062101 (2001).",
Fr,8p-,6d-,2.574,,CPM,2001,"V. A. Dzuba, V. V. Flambaum, and J. S. M. Ginges, Phys. Rev. A 63, 062101 (2001).",
Fr,8p+,7s,0.924,,CPM,1995,"V. A. Dzuba, V. V. Flambaum, and O. P. Sushkov, Phys. Rev. A 51, 3454 (1995).",
Fr,8p+,8s,13.45,,CPM,1995,"V. A. Dzuba, V. V. Flambaum, and O. P. Sushkov, Phys. Rev. A 51, 3454 (1995).",
Fr,8p+,7s,0.890,,CPM,2013,"B. M. Roberts, V. A. Dzuba, and V. V. Flambaum, Phys. Rev. A 88, 012510 (2013).",
Fr,8p+,7s,0.909,,CCSD+scale,1999,"M. S. Safronova, W. R. Johnson, and A. Derevianko, Phys. Rev. A 60, 4476 (1999).",
Fr,8p+,8s,13.37,,CCSD+scale,1999,"M. S. Safronova, W. R. Johnson, and A. Derevianko, Phys. Rev. A 60, 4476 (1999).",
Fr,8p+,9s,15.88,,CCSD,1999,"M. S. Safronova, W. R. Johnson, and A. Derevianko, Phys. Rev. A 60, 4476 (1999).",
Fr,8p+,7s,0.864,,CPM,2001,"V. A. Dzuba, V. V. Flambaum, and J. S. M. Ginges, Phys. Rev. A 63, 062101 (2001).",
Fr,8p+,8s,13.321,,CPM,2001,"V. A. Dzuba, V. V. Flambaum, and J. S. M. Ginges, Phys. Rev. A 63, 062101 (2001).",
Fr,8p+,6d-,0.802,,CPM,2001,"V. A. Dzuba, V. V. Flambaum, and J. S. M. Ginges, Phys. Rev. A 63, 062101 (2001).",
Fr,8p+,6d+,2.609,,CPM,2001,"V. A. Dzuba, V. V. Flambaum, and J. S. M. Ginges, Phys. Rev. A 63, 062101 (2001).",
Fr,9p-,7s,0.098,,CCSD+scale,1999,"M. S. Safronova, W. R. Johnson, and A. Derevianko, Phys. Rev. A 60, 4476 (1999).",
Fr,9p-,8s,0.985,,CCSD,1999,"M. S. Safronova, W. R. Johnson, and A. Derevianko, Phys. Rev. A 60, 4476 (1999).",
Fr,9p-,9s,17.39,,CCSD,1999,"M. S. Safronova, W. R. Johnson, and A. Derevianko, Phys. Rev. A 60, 4476 (1999).",
Fr,9p-,7s,0.076,,CPM,2001,"V. A. Dzuba, V. V. Flambaum, and J. S. M. Ginges, Phys. Rev. A 63, 062101 (2001).",
Fr,9p-,8s,0.985,,CPM,2001,"V. A. Dzuba, V. V. Flambaum, and J. S. M. Ginges, Phys. Rev. A 63, 062101 (2001).",
Fr,9p-,6d-,0.798,,CPM,2001,"V. A. Dzuba, V. V. Flambaum, and J. S. M. Ginges, Phys. Rev. A 63, 062101 (2001).",
Fr,9p+,7s,0.422,,CCSD+scale,1999,"M. S. Safronova, W. R. Johnson, and A. Derevianko, Phys. Rev. A 60, 4476 (1999).",
Fr,9p+,8s,2.245,,CCSD,1999,"M. S. Safronova, W. R. Johnson, and A. Derevianko, Phys. Rev. A 60, 4476 (1999).",
Fr,9p+,9s,22.59,,CCSD,1999,"M. S. Safronova, W. R. Johnson, and A. Derevianko, Phys. Rev. A 60, 4476 (1999).",
Fr,9p+,7s,0.396,,CPM,2001,"V. A. Dzuba, V. V. Flambaum, and J. S. M. Ginges, Phys. Rev. A 63, 062101 (2001).",
Fr,9p+,8s,2.248,,CPM,2001,"V. A. Dzuba, V. V. Flambaum, and J. S. M. Ginges, Phys. Rev. A 63, 062101 (2001).",
Fr,9p+,6d-,0.266,,CPM,2001,"V. A. Dzuba, V. V. Flambaum, and J. S. M. Ginges, Phys. Rev. A 63, 062101 (2001).",
Fr,9p+,6d+,0.851,,CPM,2001,"V. A. Dzuba, V. V. Flambaum, and J. S. M. Ginges, Phys. Rev. A 63, 062101 (2001).",
K,4p-,4s,4.098,,CCSD,1999,"M. S. Safronova, W. R. Johnson, and A. Derevianko, Phys. Rev. A 60, 4476 (1999).",
K,4p-,5s,3.866,,CCSD,1999,"M. S. Safronova, W. R. Johnson, and A. Derevianko, Phys. Rev. A 60, 4476 (1999).",
K,4p-,4s,4.102,,CCSD,2007,"B. Arora, M. S. Safronova, and C. W. Clark, Phys. Rev. A 76, 052516 (2007).",
K,4p-,3d-,7.949,,CCSD,2007,"B. Arora, M. S. Safronova, and C. W. Clark, Phys. Rev. A 76, 052516 (2007).",
K,4p-,3d-,7.989,0.080,CCSDpT,2007,"B. Arora, M. S. Safronova, and C. W. Clark, Phys. Rev. A 76, 052516 (2007).",
K,4p-,5s,3.7745,0.0072,CCSDpT?,2021,"Parinaz Barakhshan, Adam Marrs, Bindiya Arora, Rudolf Eigenmann, Marianna S. Safronova, Portal for High-Precision Atomic Data and Computation (version 1.0). University of Delaware, Newark, DE, USA. URL: https://www.udel.edu/atom/ [January 2021].",
K,4p-,3d-,7.9488,0.0076,CCSDpT?,2021,"Parinaz Barakhshan, Adam Marrs, Bindiya Arora, Rudolf Eigenmann, Marianna S. Safronova, https://www.udel.edu/atom/ [January 2021].",
K,4p-,4s,4.106,0.002,Expt,2006,"St. Falke, I. Sherstov, E. Tiemann, and Ch. Lisdat, The Journal of Chemical Physics 125, 224303 (2006)",
K,4p-,3d-,7.984,0.035,Expt+Theory,2007,"K. E. Miller, D. Krause, and L. R. Hunter, Phys. Rev. A 49, 5128 (1994); B. Arora, M. S. Safronova, and C. W. Clark, Phys. Rev. A 76, 052516 (2007).",
K,4p+,4s,5.794,,CCSD,1999,"M. S. Safronova, W. R. Johnson, and A. Derevianko, Phys. Rev. A 60, 4476 (1999).",
K,4p+,5s,5.510,,CCSD,1999,"M. S. Safronova, W. R. Johnson, and A. Derevianko, Phys. Rev. A 60, 4476 (1999).",
K,4p+,3d-,3.5650,0.0031,CCSDpT?,2021,"Parinaz Barakhshan, Adam Marrs, Bindiya Arora, Rudolf Eigenmann, Marianna S. Safronova, https://www.udel.edu/atom/ [January 2021].",
K,4p+,3d+,10.6949,0.0092,CCSDpT?,2021,"Parinaz Barakhshan, Adam Marrs, Bindiya Arora, Rudolf Eigenmann, Marianna S. Safronova, https://www.udel.edu/atom/ [January 2021].",
K,4p+,4s,5.807,0.003,Expt,2006,"St. Falke, I. Sherstov, E. Tiemann, and Ch. Lisdat, The Journal of Chemical Physics 125, 224303 (2006)",
K,4p+,3d-,3.580,0.016,Expt+Theory,2007,"K. E. Miller, D. Krause, and L. R. Hunter, Phys. Rev. A 49, 5128 (1994); B. Arora, M. S. Safronova, and C. W. Clark, Phys. Rev. A 76, 052516 (2007).",
K,4p+,3d+,10.741,0.047,Expt+Theory,2007,"K. E. Miller, D. Krause, and L. R. Hunter, Phys. Rev. A 49, 5128 (1994); B. Arora, M. S. Safronova, and C. W. Clark, Phys. Rev. A 76, 052516 (2007).",
K,5p-,4s,0.275,,CCSD,1999,"M. S. Safronova, W. R. Johnson, and A. Derevianko, Phys. Rev. A 60, 4476 (1999).",
K,5p-,5s,9.461,,CCSD,1999,"M. S. Safronova, W. R. Johnson, and A. Derevianko, Phys. Rev. A 60, 4476 (1999).",
K,5p+,4s,0.406,,CCSD,1999,"M. S. Safronova, W. R. Johnson, and A. Derevianko, Phys. Rev. A 60, 4476 (1999).",
K,5p+,5s,13.358,,CCSD,1999,"M. S. Safronova, W. R. Johnson, and A. Derevianko, Phys. Rev. A 60, 4476 (1999).",
K,6p-,4s,0.084,,CCSD,1999,"M. S. Safronova, W. R. Johnson, and A. Derevianko, Phys. Rev. A 60, 4476 (1999).",
K,6p-,5s,0.892,,CCSD,1999,"M. S. Safronova, W. R. Johnson, and A. Derevianko, Phys. Rev. A 60, 4476 (1999).",
K,6p+,4s,0.128,,CCSD,1999,"M. S. Safronova, W. R. Johnson, and A. Derevianko, Phys. Rev. A 60, 4476 (1999).",
K,6p+,5s,1.292,,CCSD,1999,"M. S. Safronova, W. R. Johnson, and A. Derevianko, Phys. Rev. A 60, 4476 (1999).",
K,7p-,4s,0.039,,CCSD,1999,"M. S. Safronova, W. R. Johnson, and A. Derevianko, Phys. Rev. A 60, 4476 (1999).",
K,7p-,5s,0.335,,CCSD,1999,"M. S. Safronova, W. R. Johnson, and A. Derevianko, Phys. Rev. A 60, 4476 (1999).",
K,7p+,4s,0.061,,CCSD,1999,"M. S. Safronova, W. R. Johnson, and A. Derevianko, Phys. Rev. A 60, 4476 (1999).",
K,7p+,5s,0.491,,CCSD,1999,"M. S. Safronova, W. R. Johnson, and A. Derevianko, Phys. Rev. A 60, 4476 (1999).",
Ra+,7p-,7s,3.224,,CPM,2001,"V. A. Dzuba, V. V. Flambaum, and J. S. M. Ginges, Phys. Rev. A 63, 062101 (2001).",
Ra+,7p-,8s,2.534,,CPM,2001,"V. A. Dzuba, V. V. Flambaum, and J. S. M. Ginges, Phys. Rev. A 63, 062101 (2001).",
Ra+,7p-,6d-,3.55,,CPM,2001,"V. A. Dzuba, V. V. Flambaum, and J. S. M. Ginges, Phys. Rev. A 63, 062101 (2001).",
Ra+,7p-,7s,3.228,,CPM,2013,"B. M. Roberts, V. A. Dzuba, and V. V. Flambaum, Phys. Rev. A 88, 012510 (2013).",
Ra+,7p-,6d-,3.533,,CPM,2013,"B. M. Roberts, V. A. Dzuba, and V. V. Flambaum, Phys. Rev. A 88, 012510 (2013).",
Ra+,7p-,7s,3.2545,,CCSD,2007,"U. I. Safronova, W. R. Johnson, and M. S. Safronova, Phys. Rev. A 76, 042504 (2007).",
Ra+,7p-,6d-,3.5659,,CCSD,2007,"U. I. Safronova, W. R. Johnson, and M. S. Safronova, Phys. Rev. A 76, 042504 (2007).",
Ra+,7p-,7s,3.28,,CCSDpT,2007,"B. K. Sahoo, B. P. Das, R. K. Chaudhuri, D. Mukherjee, R. G. E. Timmermans, and K. Jungmann, Phys. Rev. A 76, 040504 (2007).",
Ra+,7p-,6d-,3.64,,CCSDpT,2007,"B. K. Sahoo, B. P. Das, R. K. Chaudhuri, D. Mukherjee, R. G. E. Timmermans, and K. Jungmann, Phys. Rev. A 76, 040504 (2007).",
Ra+,7p-,7s,3.31,,CCSD,2008,"L. W. Wansbeek, B. K. Sahoo, R. G. E. Timmermans, K. Jungmann, B. P. Das, and D. Mukherjee, Phys. Rev. A 78, 050501 (2008).",
Ra+,7p-,6d-,3.68,,CCSD,2008,"L. W. Wansbeek, B. K. Sahoo, R. G. E. Timmermans, K. Jungmann, B. P. Das, and D. Mukherjee, Phys. Rev. A 78, 050501 (2008).",
Ra+,7p-,7s,3.254,,CCSDpT,2009,"R. Pal, D. Jiang, M. S. Safronova, and U. I. Safronova, Phys. Rev. A 79, 062505 (2009).",
Ra+,7p-,6d-,3.566,,CCSDpT,2009,"R. Pal, D. Jiang, M. S. Safronova, and U. I. Safronova, Phys. Rev. A 79, 062505 (2009).",
Ra+,7p-,7s,3.28,0.02,CCSD(T),2009,"B. K. Sahoo, L. W. Wansbeek, K. Jungmann, and R. G. E. Timmermans, Phys. Rev. A 79, 052512 (2009).",
Ra+,7p-,6d-,3.62,0.05,CCSD(T),2009,"B. K. Sahoo, L. W. Wansbeek, K. Jungmann, and R. G. E. Timmermans, Phys. Rev. A 79, 052512 (2009).",
Ra+,7p-,7s,3.289,0.016,CCSD,2021,"F.-C. Li, H.-X. Qiao, Y.-B. Tang et al. Journal of Quantitative Spectroscopy & Radiative Transfer 274 (2021) 107877",
Ra+,7p-,6d-,3.600,0.026,CCSD,2021,,
Ra+,7p-,7s,3.231,0.024,??,,https://www1.udel.edu/atom/RaII.html (private comm.),
Ra+,7p-,6d-,3.537,0.029,??,,https://www1.udel.edu/atom/RaII.html (private comm.),
Ra+,7p+,7s,4.477,,CPM,2001,"V. A. Dzuba, V. V. Flambaum, and J. S. M. Ginges, Phys. Rev. A 63, 062101 (2001).",
Ra+,7p+,8s,4.663,,CPM,2001,"V. A. Dzuba, V. V. Flambaum, and J. S. M. Ginges, Phys. Rev. A 63, 062101 (2001).",
Ra+,7p+,6d-,1.504,,CPM,2001,"V. A. Dzuba, V. V. Flambaum, and J. S. M. Ginges, Phys. Rev. A 63, 062101 (2001).",
Ra+,7p+,6d+,4.816,,CPM,2001,"V. A. Dzuba, V. V. Flambaum, and J. S. M. Ginges, Phys. Rev. A 63, 062101 (2001).",
Ra+,7p+,7s,4.482,,CPM,2013,"B. M. Roberts, V. A. Dzuba, and V. V. Flambaum, Phys. Rev. A 88, 012510 (2013).",
Ra+,7p+,6d-,1.496,,CPM,2013,"B. M. Roberts, V. A. Dzuba, and V. V. Flambaum, Phys. Rev. A 88, 012510 (2013).",
Ra+,7p+,6d+,4.795,,CPM,2013,"B. M. Roberts, V. A. Dzuba, and V. V. Flambaum, Phys. Rev. A 88, 012510 (2013).",
Ra+,7p+,7s,4.5106,,CCSD,2007,"U. I. Safronova, W. R. Johnson, and M. S. Safronova, Phys. Rev. A 76, 042504 (2007).",
Ra+,7p+,6d-,1.5117,,CCSD,2007,"U. I. Safronova, W. R. Johnson, and M. S. Safronova, Phys. Rev. A 76, 042504 (2007).",
Ra+,7p+,6d+,4.8232,,CCSD,2007,"U. I. Safronova, W. R. Johnson, and M. S. Safronova, Phys. Rev. A 76, 042504 (2007).",
Ra+,7p+,7s,4.54,,CCSDpT,2007,"B. K. Sahoo, B. P. Das, R. K. Chaudhuri, D. Mukherjee, R. G. E. Timmermans, and K. Jungmann, Phys. Rev. A 76, 040504 (2007).",
Ra+,7p+,6d-,1.54,,CCSDpT,2007,"B. K. Sahoo, B. P. Das, R. K. Chaudhuri, D. Mukherjee, R. G. E. Timmermans, and K. Jungmann, Phys. Rev. A 76, 040504 (2007).",
Ra+,7p+,6d+,4.92,,CCSDpT,2007,"B. K. Sahoo, B. P. Das, R. K. Chaudhuri, D. Mukherjee, R. G. E. Timmermans, and K. Jungmann, Phys. Rev. A 76, 040504 (2007).",
Ra+,7p+,7s,4.58,,CCSD,2008,"L. W. Wansbeek, B. K. Sahoo, R. G. E. Timmermans, K. Jungmann, B. P. Das, and D. Mukherjee, Phys. Rev. A 78, 050501 (2008).",
Ra+,7p+,6d-,1.56,,CCSD,2008,"L. W. Wansbeek, B. K. Sahoo, R. G. E. Timmermans, K. Jungmann, B. P. Das, and D. Mukherjee, Phys. Rev. A 78, 050501 (2008).",
Ra+,7p+,7s,4.511,,CCSDpT,2009,"R. Pal, D. Jiang, M. S. Safronova, and U. I. Safronova, Phys. Rev. A 79, 062505 (2009).",
Ra+,7p+,6d-,1.512,,CCSDpT,2009,"R. Pal, D. Jiang, M. S. Safronova, and U. I. Safronova, Phys. Rev. A 79, 062505 (2009).",
Ra+,7p+,6d+,4.823,,CCSDpT,2009,"R. Pal, D. Jiang, M. S. Safronova, and U. I. Safronova, Phys. Rev. A 79, 062505 (2009).",
Ra+,7p+,7s,4.54,0.02,CCSD(T),2009,"B. K. Sahoo, L. W. Wansbeek, K. Jungmann, and R. G. E. Timmermans, Phys. Rev. A 79, 052512 (2009).",
Ra+,7p+,6d-,1.54,0.02,CCSD(T),2009,"B. K. Sahoo, L. W. Wansbeek, K. Jungmann, and R. G. E. Timmermans, Phys. Rev. A 79, 052512 (2009).",
Ra+,7p+,6d+,4.83,0.08,CCSD(T),2009,"B. K. Sahoo, L. W. Wansbeek, K. Jungmann, and R. G. E. Timmermans, Phys. Rev. A 79, 052512 (2009).",
Ra+,7p+,7s,4.556,0.017,CCSD,2021,,
Ra+,7p+,6d-,1.525,0.013,CCSD,2021,,
Ra+,7p+,6d+,4.854,0.034,CCSD,2021,,
Ra+,7p+,7s,4.489,0.022,CCSDvT,2019,"M. Fan, C. A. Holliman, S. G. Porsev, M. S. Safronova, and A. M. Jayich, Phys. Rev. A 100, 062504 (2019).",
Ra+,7p+,6d-,1.505,0.007,CCSDvT,2019,"M. Fan, C. A. Holliman, S. G. Porsev, M. S. Safronova, and A. M. Jayich, Phys. Rev. A 100, 062504 (2019).",
Ra+,7p+,6d+,4.799,0.023,,2019,"M. Fan, C. A. Holliman, S. G. Porsev, M. S. Safronova, and A. M. Jayich, Phys. Rev. A 100, 062504 (2019).",
Ra+,7p+,7s,4.484,0.013,Expt.,,"M. Fan, C. A. Holliman, A. Contractor, C. Zhang, S. Gebretsadken, and A. M. Jayich, arXiv:2202.09743 (2022).",
Ra+,7p+,6d-,1.513,0.011,Expt.,,"M. Fan, C. A. Holliman, A. Contractor, C. Zhang, S. Gebretsadken, and A. M. Jayich, arXiv:2202.09743 (2022).",
Ra+,7p+,6d+,4.788,0.014,Expt.,,"M. Fan, C. A. Holliman, A. Contractor, C. Zhang, S. Gebretsadken, and A. M. Jayich, arXiv:2202.09743 (2022).",
Ra+,8p-,7s,0.088,,CPM,2001,"V. A. Dzuba, V. V. Flambaum, and J. S. M. Ginges, Phys. Rev. A 63, 062101 (2001).",
Ra+,8p-,8s,6.959,,CPM,2001,"V. A. Dzuba, V. V. Flambaum, and J. S. M. Ginges, Phys. Rev. A 63, 062101 (2001).",
Ra+,8p-,6d-,0.013,,CPM,2001,"V. A. Dzuba, V. V. Flambaum, and J. S. M. Ginges, Phys. Rev. A 63, 062101 (2001).",
Ra+,8p-,7s,0.071,,CPM,2013,"B. M. Roberts, V. A. Dzuba, and V. V. Flambaum, Phys. Rev. A 88, 012510 (2013).",
Ra+,8p-,7s,0.027,0.021,CCSD,2021,https://doi.org/10.1016/j.jqsrt.2021.107877,
Ra+,8p+,7s,0.339,,CPM,2001,"V. A. Dzuba, V. V. Flambaum, and J. S. M. Ginges, Phys. Rev. A 63, 062101 (2001).",
Ra+,8p+,8s,9.32,,CPM,2001,"V. A. Dzuba, V. V. Flambaum, and J. S. M. Ginges, Phys. Rev. A 63, 062101 (2001).",
Ra+,8p+,6d-,0.127,,CPM,2001,"V. A. Dzuba, V. V. Flambaum, and J. S. M. Ginges, Phys. Rev. A 63, 062101 (2001).",
Ra+,8p+,6d+,0.347,,CPM,2001,"V. A. Dzuba, V. V. Flambaum, and J. S. M. Ginges, Phys. Rev. A 63, 062101 (2001).",
Ra+,8p+,7s,0.360,,CPM,2013,"B. M. Roberts, V. A. Dzuba, and V. V. Flambaum, Phys. Rev. A 88, 012510 (2013).",
Ra+,8p+,7s,0.420,0.028,CCSD,2021,,
Ra+,9p-,7s,0.116,,CPM,2001,"V. A. Dzuba, V. V. Flambaum, and J. S. M. Ginges, Phys. Rev. A 63, 062101 (2001).",
Ra+,9p-,8s,0.137,,CPM,2001,"V. A. Dzuba, V. V. Flambaum, and J. S. M. Ginges, Phys. Rev. A 63, 062101 (2001).",
Ra+,9p-,6d-,0.013,,CPM,2001,"V. A. Dzuba, V. V. Flambaum, and J. S. M. Ginges, Phys. Rev. A 63, 062101 (2001).",
Ra+,9p+,7s,0.095,,CPM,2001,"V. A. Dzuba, V. V. Flambaum, and J. S. M. Ginges, Phys. Rev. A 63, 062101 (2001).",
Ra+,9p+,8s,1.029,,CPM,2001,"V. A. Dzuba, V. V. Flambaum, and J. S. M. Ginges, Phys. Rev. A 63, 062101 (2001).",
Ra+,9p+,6d-,0.057,,CPM,2001,"V. A. Dzuba, V. V. Flambaum, and J. S. M. Ginges, Phys. Rev. A 63, 062101 (2001).",
Ra+,9p+,6d+,0.163,,CPM,2001,"V. A. Dzuba, V. V. Flambaum, and J. S. M. Ginges, Phys. Rev. A 63, 062101 (2001).",
Rb,5p-,5s,4.221,,CCSD,1999,"M. S. Safronova, W. R. Johnson, and A. Derevianko, Phys. Rev. A 60, 4476 (1999).",
Rb,5p-,6s,4.119,,CCSD,1999,"M. S. Safronova, W. R. Johnson, and A. Derevianko, Phys. Rev. A 60, 4476 (1999).",
Rb,5p-,5s,4.221,,CCSD,2004,"M. S. Safronova, C. J. Williams, and C. W. Clark, Phys. Rev. A 69, 022509 (2004).",Exactly same as above
Rb,5p-,4d-,7.847,,CCSD,2004,"M. S. Safronova, C. J. Williams, and C. W. Clark, Phys. Rev. A 69, 022509 (2004).",
Rb,5p-,5d-,1.616,,CCSD,2004,"M. S. Safronova, C. J. Williams, and C. W. Clark, Phys. Rev. A 69, 022509 (2004).",
Rb,5p-,5s,4.261,,CCSD,2007,"R. Pal, M. S. Safronova, W. R. Johnson, A. Derevianko, and S. G. Porsev, Phys. Rev. A 75, 042515 (2007).",
Rb,5p-,6s,4.146,,CCSDpT?,2007,"B. Arora, M. S. Safronova, and C. W. Clark, Phys. Rev. A 76, 052516 (2007).",
Rb,5p-,4d-,8.02,0.17,CCSDpT,2007,"B. Arora, M. S. Safronova, and C. W. Clark, Phys. Rev. A 76, 052516 (2007).",
Rb,5p-,5s,4.260,,CCSD(T),2008,"H. S. Nataraj, B. K. Sahoo, B. P. Das, and D. Mukherjee, Phys. Rev. Lett. 101, 033002 (2008).",
Rb,5p-,5s,4.253,0.034,CCSDpT,2011,"M. S. Safronova and U. I. Safronova, Phys. Rev. A 83, 052508 (2011).",
Rb,5p-,6s,4.145,0.010,CCSDpT,2011,"M. S. Safronova and U. I. Safronova, Phys. Rev. A 83, 052508 (2011).",
Rb,5p-,4d-,8.037,0.043,CCSDpT,2011,"M. S. Safronova and U. I. Safronova, Phys. Rev. A 83, 052508 (2011).",
Rb,5p-,5d-,,,CCSDpT,2011,"M. S. Safronova and U. I. Safronova, Phys. Rev. A 83, 052508 (2011).",
Rb,5p-,5s,4.26,0.03,CCSD(T),2012,"B. Arora and B. K. Sahoo, Phys. Rev. A 86, 033416 (2012).",
Rb,5p-,4d-,8.07,0.02,CCSD(T),2012,"B. Arora and B. K. Sahoo, Phys. Rev. A 86, 033416 (2012).",
Rb,5p-,5s,4.246,,CPM,2012,"V. A. Dzuba, V. V. Flambaum, and B. M. Roberts, Phys. Rev. A 86, 062512 (2012).",
Rb,5p-,5s,4.231,0.003,Expt.,1996,"U. Volz and H. Schmoranzer, Physica Scripta T65, 48 (1996)",
Rb,5p-,4d-,8.051,0.063,Expt.+Theory,2007,"K. E. Miller, D. Krause, and L. R. Hunter, Phys. Rev. A 49, 5128 (1994); B. Arora, M. S. Safronova, and C. W. Clark, Phys. Rev. A 76, 052516 (2007).",
Rb,5p-,5s,4.233,0.002,,2015,"10.1103/PhysRevA.92.052501: Average of: Volz96, Sims 98, Gutterres 2002",
Rb,5p+,5s,5.956,,CCSD,1999,"M. S. Safronova, W. R. Johnson, and A. Derevianko, Phys. Rev. A 60, 4476 (1999).",
Rb,5p+,6s,6.013,,CCSD,1999,"M. S. Safronova, W. R. Johnson, and A. Derevianko, Phys. Rev. A 60, 4476 (1999).",
Rb,5p+,5s,5.956,,CCSD,2004,"M. S. Safronova, C. J. Williams, and C. W. Clark, Phys. Rev. A 69, 022509 (2004).",Exactly same as above
Rb,5p+,4d-,3.540,,CCSD,2004,"M. S. Safronova, C. J. Williams, and C. W. Clark, Phys. Rev. A 69, 022509 (2004).",
Rb,5p+,4d+,10.634,,CCSD,2004,"M. S. Safronova, C. J. Williams, and C. W. Clark, Phys. Rev. A 69, 022509 (2004).",
Rb,5p+,5d-,0.787,,CCSD,2004,"M. S. Safronova, C. J. Williams, and C. W. Clark, Phys. Rev. A 69, 022509 (2004).",
Rb,5p+,5d+,2.334,,CCSD,2004,"M. S. Safronova, C. J. Williams, and C. W. Clark, Phys. Rev. A 69, 022509 (2004).",
Rb,5p+,5s,6.013,,CCSD,2007,"R. Pal, M. S. Safronova, W. R. Johnson, A. Derevianko, and S. G. Porsev, Phys. Rev. A 75, 042515 (2007).",
Rb,5p+,5s,6.003,0.048,CCSDpT,2011,"M. S. Safronova and U. I. Safronova, Phys. Rev. A 83, 052508 (2011).",
Rb,5p+,6s,6.047,0.013,CCSDpT,2011,"M. S. Safronova and U. I. Safronova, Phys. Rev. A 83, 052508 (2011).",
Rb,5p+,4d-,3.628,0.020,CCSDpT,2011,"M. S. Safronova and U. I. Safronova, Phys. Rev. A 83, 052508 (2011).",
Rb,5p+,4d+,10.889,0.058,CCSDpT,2011,"M. S. Safronova and U. I. Safronova, Phys. Rev. A 83, 052508 (2011).",
Rb,5p+,5d-,,,CCSDpT,2011,"M. S. Safronova and U. I. Safronova, Phys. Rev. A 83, 052508 (2011).",
Rb,5p+,5d+,1.982,,CCSDpT,2011,"M. S. Safronova and U. I. Safronova, Phys. Rev. A 83, 052508 (2011).",quoted in text only
Rb,5p+,5s,6.02,0.05,CCSD(T),2012,"B. Arora and B. K. Sahoo, Phys. Rev. A 86, 033416 (2012).",
Rb,5p+,4d-,3.65,0.02,CCSD(T),2012,"B. Arora and B. K. Sahoo, Phys. Rev. A 86, 033416 (2012).",
Rb,5p+,4d+,10.96,0.04,CCSD(T),2012,"B. Arora and B. K. Sahoo, Phys. Rev. A 86, 033416 (2012).",
Rb,5p+,5s,5.994,,CPM,2012,"V. A. Dzuba, V. V. Flambaum, and B. M. Roberts, Phys. Rev. A 86, 062512 (2012).",
Rb,5p+,5s,5.978,0.005,Expt.,1996,"U. Volz and H. Schmoranzer, Physica Scripta T65, 48 (1996)",
Rb,5p+,4d-,3.633,0.028,Expt.+Theory,2007,"K. E. Miller, D. Krause, and L. R. Hunter, Phys. Rev. A 49, 5128 (1994); B. Arora, M. S. Safronova, and C. W. Clark, Phys. Rev. A 76, 052516 (2007).",
Rb,5p+,4d+,10.899,0.086,Expt.+Theory,2007,"K. E. Miller, D. Krause, and L. R. Hunter, Phys. Rev. A 49, 5128 (1994); B. Arora, M. S. Safronova, and C. W. Clark, Phys. Rev. A 76, 052516 (2007).",
Rb,5p+,5d+,2.266,0.04,Expt.,2016,"D. J. Whiting, J. Keaveney, C. S. Adams, and I. G. Hughes, Phys. Rev. A 93 , 043854 (2016); Phys. Rev. A 97, 049902 (2018).",
Rb,5p+,5s,5.978,0.004,,2015,"10.1103/PhysRevA.92.052501: Average of: Volz96, Sims 98, Gutterres 2002",
Rb,6p-,5s,0.333,,CCSD,1999,"M. S. Safronova, W. R. Johnson, and A. Derevianko, Phys. Rev. A 60, 4476 (1999).",
Rb,6p-,6s,9.684,,CCSD,1999,"M. S. Safronova, W. R. Johnson, and A. Derevianko, Phys. Rev. A 60, 4476 (1999).",
Rb,6p-,5s,0.333,,CCSD,2004,"M. S. Safronova, C. J. Williams, and C. W. Clark, Phys. Rev. A 69, 022509 (2004).",Exactly same as above
Rb,6p-,6s,9.721,0.024,CCSDpT,2011,"M. S. Safronova and U. I. Safronova, Phys. Rev. A 83, 052508 (2011).",
Rb,6p-,5s,0.342,0.002,CCSD(T),2012,"B. Arora and B. K. Sahoo, Phys. Rev. A 86, 033416 (2012).",
Rb,6p-,5s,0.325,0.009,CCSDpT,2012,"B. Arora, M. S. Safronova, and C. W. Clark, Phys. Rev. A 84, 043401 (2011).","Error from: C. D. Herold, V. D. Vaidya, X. Li, S. L. Rolston, J. V. Porto, and M. S. Safronova, Phys. Rev. Lett. 109, 243003 (2012)"
Rb,6p-,5s,0.334,,CCSD,2020,"Simranpreet Kaur, Bindiya Arora, B. K. Sahoo, https://arxiv.org/abs/2012.07362",
Rb,6p-,5s,0.3235,0.0009,Expt.,2012,"C. D. Herold, V. D. Vaidya, X. Li, S. L. Rolston, J. V. Porto, and M. S. Safronova, Phys. Rev. Lett. 109, 243003 (2012)",
Rb,6p+,5s,0.541,,CCSD,1999,"M. S. Safronova, W. R. Johnson, and A. Derevianko, Phys. Rev. A 60, 4476 (1999).",
Rb,6p+,6s,13.592,,CCSD,1999,"M. S. Safronova, W. R. Johnson, and A. Derevianko, Phys. Rev. A 60, 4476 (1999).",Typo in table (label)
Rb,6p+,5s,0.541,,CCSD,2004,"M. S. Safronova, C. J. Williams, and C. W. Clark, Phys. Rev. A 69, 022509 (2004).",Exactly same as above
Rb,6p+,6s,13.647,0.034,CCSDpT,2011,"M. S. Safronova and U. I. Safronova, Phys. Rev. A 83, 052508 (2011).",
Rb,6p+,5s,0.553,0.003,CCSD(T),2012,"B. Arora and B. K. Sahoo, Phys. Rev. A 86, 033416 (2012).",
Rb,6p+,5s,0.528,0.013,CCSDpT,2012,"B. Arora, M. S. Safronova, and C. W. Clark, Phys. Rev. A 84, 043401 (2011).","Error from: C. D. Herold, V. D. Vaidya, X. Li, S. L. Rolston, J. V. Porto, and M. S. Safronova, Phys. Rev. Lett. 109, 243003 (2012)"
Rb,6p+,5s,0.541,,CCSD,2020,"Simranpreet Kaur, Bindiya Arora, B. K. Sahoo, https://arxiv.org/abs/2012.07362",
Rb,6p+,5s,0.5230,0.0008,Expt.,2012,"C. D. Herold, V. D. Vaidya, X. Li, S. L. Rolston, J. V. Porto, and M. S. Safronova, Phys. Rev. Lett. 109, 243003 (2012)",
Rb,7p-,5s,0.115,,CCSD,1999,"M. S. Safronova, W. R. Johnson, and A. Derevianko, Phys. Rev. A 60, 4476 (1999).",
Rb,7p-,6s,0.999,,CCSD,1999,"M. S. Safronova, W. R. Johnson, and A. Derevianko, Phys. Rev. A 60, 4476 (1999).",
Rb,7p-,5s,0.118,0.01,CCSD(T),2012,"B. Arora and B. K. Sahoo, Phys. Rev. A 86, 033416 (2012).",
Rb,7p+,5s,0.202,,CCSD,1999,"M. S. Safronova, W. R. Johnson, and A. Derevianko, Phys. Rev. A 60, 4476 (1999).",
Rb,7p+,6s,1.540,,CCSD,1999,"M. S. Safronova, W. R. Johnson, and A. Derevianko, Phys. Rev. A 60, 4476 (1999).",Typo in table (label)
Rb,7p+,5s,0.207,0.002,CCSD(T),2012,"B. Arora and B. K. Sahoo, Phys. Rev. A 86, 033416 (2012).",
Rb,8p-,5s,0.059,,CCSD,1999,"M. S. Safronova, W. R. Johnson, and A. Derevianko, Phys. Rev. A 60, 4476 (1999).",
Rb,8p-,6s,0.393,,CCSD,1999,"M. S. Safronova, W. R. Johnson, and A. Derevianko, Phys. Rev. A 60, 4476 (1999).",Typo in table (label)
Rb,8p-,5s,0.061,0.005,CCSD(T),2012,"B. Arora and B. K. Sahoo, Phys. Rev. A 86, 033416 (2012).",
Rb,8p+,5s,0.111,,CCSD,1999,"M. S. Safronova, W. R. Johnson, and A. Derevianko, Phys. Rev. A 60, 4476 (1999).",
Rb,8p+,6s,0.628,,CCSD,1999,"M. S. Safronova, W. R. Johnson, and A. Derevianko, Phys. Rev. A 60, 4476 (1999).",Typo in table (label)
Rb,8p+,5s,0.114,0.002,CCSD(T),2012,"B. Arora and B. K. Sahoo, Phys. Rev. A 86, 033416 (2012).",
Rb,Ratio^2,5s/p,1.99221,0.00003,,2015,10.1103/PhysRevA.92.052501,
Sr+,4d3/2,5p1/2,3.112,0.010,CCSDpT,2009,"D. Jiang, B. Arora, M. S. Safronova, and C. W. Clark, J. Phys. B At. Mol. Opt. Phys. 42, 154020 (2009).",
Sr+,4d3/2,5p3/2,1.383,0.005,CCSDpT,2009,"D. Jiang, B. Arora, M. S. Safronova, and C. W. Clark, J. Phys. B At. Mol. Opt. Phys. 42, 154020 (2009).",
Sr+,4d3/2,5p1/2,3.112,0.036,CCSDpT,2010,"U. I. Safronova, Phys. Rev. A 82, 022504 (2010).",
Sr+,4d3/2,5p3/2,1.382,0.036,CCSDpT,2010,"U. I. Safronova, Phys. Rev. A 82, 022504 (2010).",
Sr+,4d3/2,5p1/2,3.083,,CCSD,2011,"Safronova et al, Can. J. Phys. 89: 465–472 (2011)",
Sr+,4d3/2,5p3/2,1.3694,,CCSD,2011,"Safronova et al, Can. J. Phys. 89: 465–472 (2011)",
Sr+,4d3/2,5p1/2,3.096,0.023,Semi-emp,2016,"J. Jiang, J. Mitroy, Y. Cheng, and M. W. J. Bromley, Phys. Rev. A 94, 1 (2016).",
Sr+,4d3/2,5p3/2,1.379,0.011,Semi-emp,2016,"J. Jiang, J. Mitroy, Y. Cheng, and M. W. J. Bromley, Phys. Rev. A 94, 1 (2016).",
Sr+,4d3/2,5p1/2,3.11,0.03,“rec”,2021,"M. Kaur, D. F. Dar, B. K. Sahoo, and B. Arora, At. Data Nucl. Data Tables 137, 101381 (2021).",
Sr+,4d3/2,5p3/2,1.38,0.01,“rec”,2021,"M. Kaur, D. F. Dar, B. K. Sahoo, and B. Arora, At. Data Nucl. Data Tables 137, 101381 (2021).",
Sr+,4d3/2,5p1/2,3.102,,,2021,"M. Kaur, D. F. Dar, B. K. Sahoo, and B. Arora, At. Data Nucl. Data Tables 137, 101381 (2021).",
Sr+,4d3/2,5p3/2,1.378,,,2021,"M. Kaur, D. F. Dar, B. K. Sahoo, and B. Arora, At. Data Nucl. Data Tables 137, 101381 (2021).",
Sr+,4d3/2,5p1/2,3.093,0.015,Expt,2016,"H. Zhang, M. Gutierrez, G. H. Low, R. Rines, J. Stuart, T. Wu, and I. Chuang, New J. Phys. 18, 123021 (2016).",* All rely on lifetime measurements of  E H Pinnington et al 1995 J. Phys. B: At. Mol. Opt. Phys. 28 2095 – older measurements disagree by 1 sigma
Sr+,4d3/2,5p3/2,1.378,0.034,Expt,2016,"H. Zhang, M. Gutierrez, G. H. Low, R. Rines, J. Stuart, T. Wu, and I. Chuang, New J. Phys. 18, 123021 (2016).",* All rely on lifetime measurements of  E H Pinnington et al 1995 J. Phys. B: At. Mol. Opt. Phys. 28 2095 – older measurements disagree by 1 sigma
Sr+,4d5/2,5p3/2,4.187,0.014,CCSDpT,2009,"D. Jiang, B. Arora, M. S. Safronova, and C. W. Clark, J. Phys. B At. Mol. Opt. Phys. 42, 154020 (2009).",
Sr+,4d5/2,5p3/2,4.187,0.048,CCSDpT,2010,"U. I. Safronova, Phys. Rev. A 82, 022504 (2010).",
Sr+,4d5/2,5p3/2,4.1497,,CCSD,2011,"Safronova et al, Can. J. Phys. 89: 465–472 (2011)",
Sr+,4d5/2,5p3/2,4.173,0.031,Semi-emp,2016,"J. Jiang, J. Mitroy, Y. Cheng, and M. W. J. Bromley, Phys. Rev. A 94, 1 (2016).",
Sr+,4d5/2,5p3/2,4.18,0.04,“rec”,2021,"M. Kaur, D. F. Dar, B. K. Sahoo, and B. Arora, At. Data Nucl. Data Tables 137, 101381 (2021).",
Sr+,4d5/2,5p3/2,4.173,,,2021,"M. Kaur, D. F. Dar, B. K. Sahoo, and B. Arora, At. Data Nucl. Data Tables 137, 101381 (2021).",
Sr+,4d5/2,5p3/2,4.175,0.022,Expt,2016,"H. Zhang, M. Gutierrez, G. H. Low, R. Rines, J. Stuart, T. Wu, and I. Chuang, New J. Phys. 18, 123021 (2016).",* All rely on lifetime measurements of  E H Pinnington et al 1995 J. Phys. B: At. Mol. Opt. Phys. 28 2095 – older measurements disagree by 1 sigma
Sr+,5s1/2,5p1/2,3.078,0.015,CCSD,2009,"D. Jiang, B. Arora, M. S. Safronova, and C. W. Clark, J. Phys. B At. Mol. Opt. Phys. 42, 154020 (2009).",
Sr+,5s1/2,5p3/2,4.351,0.022,CCSD,2009,"D. Jiang, B. Arora, M. S. Safronova, and C. W. Clark, J. Phys. B At. Mol. Opt. Phys. 42, 154020 (2009).",
Sr+,5s1/2,5p1/2,3.0784,,CCSD,2011,"Safronova et al, Can. J. Phys. 89: 465–472 (2011)",
Sr+,5s1/2,5p3/2,4.3507,,CCSD,2011,"Safronova et al, Can. J. Phys. 89: 465–472 (2011)",
Sr+,5s1/2,5p1/2,3.047,0.023,Semi-emp,2016,"J. Jiang, J. Mitroy, Y. Cheng, and M. W. J. Bromley, Phys. Rev. A 94, 1 (2016).",
Sr+,5s1/2,5p3/2,4.310,0.032,Semi-emp,2016,"J. Jiang, J. Mitroy, Y. Cheng, and M. W. J. Bromley, Phys. Rev. A 94, 1 (2016).",
Sr+,5s1/2,5p1/2,3.07,0.02,“rec”,2021,"M. Kaur, D. F. Dar, B. K. Sahoo, and B. Arora, At. Data Nucl. Data Tables 137, 101381 (2021).",
Sr+,5s1/2,5p3/2,4.35,0.03,“rec”,2021,"M. Kaur, D. F. Dar, B. K. Sahoo, and B. Arora, At. Data Nucl. Data Tables 137, 101381 (2021).",
Sr+,5s1/2,5p1/2,3.09,,CCSDpTsc,2021,"M. Kaur, D. F. Dar, B. K. Sahoo, and B. Arora, At. Data Nucl. Data Tables 137, 101381 (2021).",
Sr+,5s1/2,5p3/2,4.367,,,2021,"M. Kaur, D. F. Dar, B. K. Sahoo, and B. Arora, At. Data Nucl. Data Tables 137, 101381 (2021).",
Sr+,5s1/2,5p1/2,3.109,0.007,,2015,"J. Kaur, D. K. Nandy, B. Arora, and B. K. Sahoo, Phys. Rev. A 91, 012705 (2015).",
Sr+,5s1/2,5p3/2,4.394,0.006,,2015,"J. Kaur, D. K. Nandy, B. Arora, and B. K. Sahoo, Phys. Rev. A 91, 012705 (2015).",
Sr+,5s1/2,5p1/2,3.076,0.024,Expt,2016,"H. Zhang, M. Gutierrez, G. H. Low, R. Rines, J. Stuart, T. Wu, and I. Chuang, New J. Phys. 18, 123021 (2016).",* All rely on lifetime measurements of  E H Pinnington et al 1995 J. Phys. B: At. Mol. Opt. Phys. 28 2095 – older measurements disagree by 1 sigma
Sr+,5s1/2,5p3/2,4.360,0.023,Expt,2016,"H. Zhang, M. Gutierrez, G. H. Low, R. Rines, J. Stuart, T. Wu, and I. Chuang, New J. Phys. 18, 123021 (2016).",* All rely on lifetime measurements of  E H Pinnington et al 1995 J. Phys. B: At. Mol. Opt. Phys. 28 2095 – older measurements disagree by 1 sigma
Yb+,d-,p-,3.06,,MBPT(2)+SR?,2012," S. G. Porsev, M. S. Safronova, and M. G. Kozlov, Phys. Rev. A 86, 022504 (2012).",
Yb+,d-,p+,1.35,,MBPT(2)+SR?,2012," S. G. Porsev, M. S. Safronova, and M. G. Kozlov, Phys. Rev. A 86, 022504 (2012).",
Yb+,d-,p-,2.98,,CCSD,2012," S. G. Porsev, M. S. Safronova, and M. G. Kozlov, Phys. Rev. A 86, 022504 (2012).",
Yb+,d-,p+,1.32,,CCSD,2012," S. G. Porsev, M. S. Safronova, and M. G. Kozlov, Phys. Rev. A 86, 022504 (2012).",
Yb+,d-,p-,2.53,,CI (15 el),2012," S. G. Porsev, M. S. Safronova, and M. G. Kozlov, Phys. Rev. A 86, 022504 (2012).",
Yb+,d-,p+,1.05,,CI (15 el),2012," S. G. Porsev, M. S. Safronova, and M. G. Kozlov, Phys. Rev. A 86, 022504 (2012).",
Yb+,d-,p-,2.97,,,2009,"U. I. Safronova and M. S. Safronova, Phys.Rev.A 79, 022512 (2009)",
Yb+,d-,p+,1.31,,,2009,"U. I. Safronova and M. S. Safronova, Phys.Rev.A 79, 022512 (2009)",
Yb+,d-,p-,3.09,,PTSCI,2011,"V. A. Dzuba and V. V. Flambaum, Phys.Rev.A 83, 052513 (2011)",
Yb+,d-,p+,1.36,,PTSCI,2011,"V. A. Dzuba and V. V. Flambaum, Phys.Rev.A 83, 052513 (2011)",
Yb+,d-,p-,3.06,,,2011,"B. K. Sahoo and B. P. Das, Phys. Rev. A 84, 010502(R) (2011)",
Yb+,d-,p+,1.35,,,2011,"B. K. Sahoo and B. P. Das, Phys. Rev. A 84, 010502(R) (2011)",
Yb+,d-,p-,2.97,0.04,Expt,2009,"S. Olmschenk, K. C. Younge, D. L. Moehring, D. N. Matsukevich, P. Maunz, and C. Monroe,Phys.Rev.A76, 052314 (2007); S. Olmschenk, D. Hayes, D. N. Matsukevich, P. Maunz, D. L. Moehring, K. C. Younge, and C. Monroe, Phys.Rev.A 80, 022502 (2009).","See also: [1] T. R. Tan, C. L. Edmunds, A. R. Milne, M. J. Biercuk, and C. Hempel, Phys. Rev. A 104, L010802 (2021). - lifetimes + branching
[1] T. Feldker, H. Fürst, N. V. Ewald, J. Joger, and R. Gerritsma, Phys. Rev. A 97, 032511 (2018). - branching"
Yb+,d+,p+,4.23,,MBPT(2)+SR?,2012," S. G. Porsev, M. S. Safronova, and M. G. Kozlov, Phys. Rev. A 86, 022504 (2012).",
Yb+,d+,p+,3.27,,CI (15 el),2012," S. G. Porsev, M. S. Safronova, and M. G. Kozlov, Phys. Rev. A 86, 022504 (2012).",
Yb+,d+,p+,4.12,,,2009,"U. I. Safronova and M. S. Safronova, Phys.Rev.A 79, 022512 (2009)",
Yb+,d+,p+,4.23,,,2011,"B. K. Sahoo and B. P. Das, Phys. Rev. A 84, 010502(R) (2011)",
Yb+,s,p-,2.75,,MBPT(2)+SR?,2012," S. G. Porsev, M. S. Safronova, and M. G. Kozlov, Phys. Rev. A 86, 022504 (2012).",
Yb+,s,p+,3.83,,MBPT(2)+SR?,2012," S. G. Porsev, M. S. Safronova, and M. G. Kozlov, Phys. Rev. A 86, 022504 (2012).",
Yb+,s,p-,2.64,,CCSD,2012," S. G. Porsev, M. S. Safronova, and M. G. Kozlov, Phys. Rev. A 86, 022504 (2012).",
Yb+,s,p+,3.71,,CCSD,2012," S. G. Porsev, M. S. Safronova, and M. G. Kozlov, Phys. Rev. A 86, 022504 (2012).",
Yb+,s,p-,2.51,,CI (15 el),2012," S. G. Porsev, M. S. Safronova, and M. G. Kozlov, Phys. Rev. A 86, 022504 (2012).",
Yb+,s,p+,3.32,,CI (15 el),2012," S. G. Porsev, M. S. Safronova, and M. G. Kozlov, Phys. Rev. A 86, 022504 (2012).",
Yb+,s,p-,2.68,,,2009,"U. I. Safronova and M. S. Safronova, Phys.Rev.A 79, 022512 (2009)",
Yb+,s,p+,3.77,,,2009,"U. I. Safronova and M. S. Safronova, Phys.Rev.A 79, 022512 (2009)",
Yb+,s,p-,2.72,,PTSCI,2011,"V. A. Dzuba and V. V. Flambaum, Phys.Rev.A 83, 052513 (2011)",
Yb+,s,p+,3.84,,PTSCI,2011,"V. A. Dzuba and V. V. Flambaum, Phys.Rev.A 83, 052513 (2011)",
Yb+,s,p-,2.72,,,2011,"B. K. Sahoo and B. P. Das, Phys. Rev. A 84, 010502(R) (2011)",
Yb+,s,p+,3.83,,,2011,"B. K. Sahoo and B. P. Das, Phys. Rev. A 84, 010502(R) (2011)",
Yb+,s,p-,2.471,0.003,Expt,2009,"S. Olmschenk, K. C. Younge, D. L. Moehring, D. N. Matsukevich, P. Maunz, and C. Monroe,Phys.Rev.A76, 052314 (2007); S. Olmschenk, D. Hayes, D. N. Matsukevich, P. Maunz, D. L. Moehring, K. C. Younge, and C. Monroe, Phys.Rev.A 80, 022502 (2009).",
Yb+,s,p+,3.36,0.03,Expt,1994,"E. H. Pinnington, R. W. Berends, and Q. Ji, Phys. Rev. A 50, 2758 (1994); S. G. Porsev, M. S. Safronova, and M. G. Kozlov, Phys. Rev. A 86, 022504 (2012).",
Cs,6p-,7s,4.233,0.022,Expt. + Th (??),1989,"M.-A. Bouchiat, J. Gue´na, and L. Pottier, J. Phys. (France) Lett. 45, L523 (1984); V. A. Dzuba, V. V. Flambaum, A. Y. Kraftmakher, and O. P. Sushkov, Phys. Lett. A 142, 373 (1989).",
Cs,6p+,7s,6.479,0.031,Expt. + Th (??),1989,"M.-A. Bouchiat, J. Gue´na, and L. Pottier, J. Phys. (France) Lett. 45, L523 (1984); V. A. Dzuba, V. V. Flambaum, A. Y. Kraftmakher, and O. P. Sushkov, Phys. Lett. A 142, 373 (1989).",
Cs,7p-,7s,10.308,0.015,Expt. + Th,1999,"S.C. Bennett, J.L. Roberts, and C.E. Wieman, Phys. Rev. A 59, R16 (1999); M. S. Safronova, W. R. Johnson, and A. Derevianko, Phys. Rev. A 60, 4476 (1999).",
Cs,7p+,7s,14.32,0.02,Expt. + Th,1999,"S.C. Bennett, J.L. Roberts, and C.E. Wieman, Phys. Rev. A 59, R16 (1999); M. S. Safronova, W. R. Johnson, and A. Derevianko, Phys. Rev. A 60, 4476 (1999).",